frame,x1,y1,x2,y2,conf,track_id
0,579.2,239.4,626.2,267.1,0.91,100001
0,194.7,354.8,242.2,384.1,0.908,100002
0,313.9,278.9,356.2,307.1,0.906,100003
0,418.1,360.8,447.9,394.8,0.9,100004
0,190.9,383.9,236.6,409.2,0.899,100005
0,557.2,413.9,593.7,442.3,0.887,100006
0,192.6,254.0,232.1,287.6,0.885,100007
0,346.9,374.2,379.7,400.6,0.883,100008
0,177.6,301.9,217.2,335.3,0.883,100009
0,196.0,294.4,240.7,319.2,0.881,100010
0,208.2,210.2,241.1,253.2,0.877,100011
0,196.2,332.3,228.4,368.1,0.876,100012
0,583.4,379.4,632.7,403.8,0.875,100013
0,585.3,354.4,624.3,389.7,0.873,100014
0,590.5,408.1,621.3,442.5,0.843,100015
0,180.7,207.9,211.4,234.0,0.833,100016
0,180.7,233.1,220.3,254.9,0.817,100017
0,564.6,395.4,610.4,421.7,0.812,100018
0,192.2,62.1,235.8,94.4,0.904,200019
0,183.5,34.4,228.2,64.0,0.903,200020
0,356.5,146.6,393.0,179.4,0.901,200021
0,430.6,148.1,466.2,202.8,0.899,200022
0,222.4,176.7,259.1,203.2,0.897,200023
0,391.3,34.4,421.4,68.7,0.895,200024
0,363.2,52.5,390.0,90.1,0.895,200025
0,181.6,0.3,212.1,34.0,0.893,200026
0,325.0,126.1,363.1,152.5,0.892,200027
0,466.3,105.1,503.5,132.4,0.888,200028
0,587.1,14.6,617.3,61.7,0.886,200029
0,568.8,192.0,600.1,225.7,0.884,200030
0,597.3,176.7,625.1,207.9,0.872,200031
0,183.0,157.2,220.6,187.0,0.86,200032
0,488.2,17.2,507.3,67.2,0.852,200033
0,587.9,196.0,630.8,230.2,0.844,200034
0,227.9,0.0,269.7,24.2,0.834,200035
0,183.9,179.8,225.6,198.7,0.806,200036
0,200.8,0.0,231.9,20.4,0.8,200037
1,579.1,239.4,624.2,267.0,0.91,100001
1,195.6,354.7,241.7,384.0,0.904,100002
1,314.1,278.9,356.2,307.1,0.909,100003
1,418.1,360.8,447.9,395.2,0.899,100004
1,191.3,383.8,236.1,409.1,0.899,100005
1,557.4,413.6,593.8,442.1,0.888,100006
1,192.7,254.5,232.1,285.2,0.887,100007
1,347.2,374.2,379.6,400.3,0.886,100008
1,182.8,300.4,215.1,335.8,0.873,100009
1,196.3,293.9,240.2,318.9,0.87,100010
1,208.5,210.2,241.3,253.1,0.88,100011
1,196.2,332.0,227.9,367.0,0.871,100012
1,583.2,379.2,632.1,403.8,0.872,100013
1,585.1,354.4,623.7,389.6,0.883,100014
1,590.1,408.2,621.4,442.5,0.832,100015
1,179.8,207.6,212.2,234.7,0.845,100016
1,181.8,232.8,219.9,254.3,0.832,100017
1,565.6,395.5,610.6,420.4,0.81,100018
1,192.3,62.1,235.7,94.2,0.91,200019
1,183.8,34.5,228.6,64.2,0.902,200020
1,356.3,146.3,393.4,179.1,0.902,200021
1,432.5,147.6,465.9,200.5,0.896,200022
1,222.3,176.8,258.8,203.3,0.897,200023
1,391.7,33.9,421.4,68.8,0.895,200024
1,363.4,52.5,390.3,90.0,0.9,200025
1,181.5,0.3,212.0,33.9,0.895,200026
1,324.9,126.5,362.9,152.4,0.895,200027
1,466.2,105.3,503.5,132.4,0.889,200028
1,587.3,14.7,617.2,61.5,0.887,200029
1,568.9,192.5,600.6,225.6,0.881,200030
1,597.6,177.0,624.5,207.7,0.875,200031
1,183.3,157.1,220.7,187.1,0.875,200032
1,487.5,19.8,506.3,68.0,0.835,200033
1,588.1,195.8,631.0,230.5,0.848,200034
1,223.8,0.0,269.8,24.1,0.828,200035
1,183.7,180.1,225.5,199.6,0.824,200036
1,198.8,0.1,232.1,20.0,0.813,200037
2,579.1,239.4,624.2,267.0,0.91,100001
2,195.6,354.7,241.7,384.0,0.904,100002
2,314.1,279.0,356.3,307.2,0.91,100003
2,418.1,360.8,447.9,395.0,0.902,100004
2,191.3,383.8,236.1,409.1,0.898,100005
2,557.4,413.6,593.8,442.1,0.888,100006
2,192.7,254.5,232.1,285.2,0.888,100007
2,347.1,374.2,379.6,400.3,0.886,100008
2,182.8,300.4,215.1,335.8,0.874,100009
2,196.3,293.9,240.2,318.9,0.87,100010
2,208.5,210.2,241.3,253.1,0.881,100011
2,196.2,332.0,227.9,366.9,0.873,100012
2,583.2,379.2,632.1,403.7,0.872,100013
2,585.1,354.4,623.7,389.6,0.883,100014
2,590.2,408.2,621.4,442.5,0.83,100015
2,179.8,207.6,212.2,234.7,0.844,100016
2,181.8,232.8,220.0,254.3,0.832,100017
2,565.6,395.5,610.6,420.6,0.81,100018
2,192.3,62.1,235.7,94.2,0.91,200019
2,183.8,34.5,228.6,64.2,0.902,200020
2,356.3,146.3,393.4,179.1,0.902,200021
2,432.5,147.6,465.9,200.5,0.896,200022
2,222.3,176.8,258.8,203.3,0.897,200023
2,391.7,33.9,421.4,68.7,0.895,200024
2,363.4,52.5,390.3,90.0,0.9,200025
2,181.5,0.3,212.0,33.9,0.895,200026
2,324.9,126.5,362.9,152.4,0.895,200027
2,466.2,105.3,503.5,132.4,0.889,200028
2,587.3,14.7,617.2,61.5,0.885,200029
2,568.9,192.5,600.6,225.6,0.88,200030
2,597.6,177.0,624.5,207.7,0.874,200031
2,183.3,157.1,220.7,187.1,0.874,200032
2,487.5,19.8,506.3,68.0,0.834,200033
2,587.6,195.9,631.0,230.5,0.842,200034
2,221.6,0.0,269.8,24.1,0.827,200035
2,183.7,180.1,225.6,199.6,0.822,200036
2,198.9,0.1,232.0,20.0,0.81,200037
3,579.4,239.0,624.3,266.9,0.908,100001
3,195.4,354.8,242.3,384.1,0.901,100002
3,314.0,278.7,356.2,307.2,0.91,100003
3,418.1,360.8,447.9,395.1,0.895,100004
3,191.9,383.8,236.0,408.7,0.896,100005
3,557.2,413.4,593.9,441.9,0.891,100006
3,192.7,254.2,232.2,284.7,0.889,100007
3,347.1,374.2,379.6,400.3,0.886,100008
3,183.1,301.7,215.1,337.3,0.887,100009
3,196.6,292.5,240.6,319.1,0.836,100010
3,208.4,210.3,241.3,253.1,0.881,100011
3,196.1,330.9,226.5,366.4,0.879,100012
3,583.2,379.3,632.1,403.9,0.876,100013
3,585.1,354.5,623.8,389.4,0.881,100014
3,590.1,409.1,621.3,442.9,0.838,100015
3,180.4,207.5,212.6,235.0,0.849,100016
3,181.8,232.7,220.1,254.5,0.835,100017
3,565.7,395.4,609.9,420.3,0.815,100018
3,192.3,62.0,235.7,94.1,0.913,200019
3,183.8,34.4,228.7,64.2,0.904,200020
3,356.3,146.5,393.6,179.2,0.902,200021
3,431.8,148.2,464.7,201.1,0.9,200022
3,222.1,176.8,258.9,203.3,0.894,200023
3,391.9,33.1,421.1,68.8,0.901,200024
3,363.8,52.4,390.6,90.2,0.898,200025
3,181.5,0.4,212.1,33.7,0.895,200026
3,324.9,126.6,363.2,152.4,0.895,200027
3,466.3,105.3,503.5,132.4,0.891,200028
3,587.1,14.7,617.2,61.7,0.893,200029
3,568.8,192.5,600.4,225.5,0.879,200030
3,597.6,176.9,624.4,207.7,0.872,200031
3,183.4,157.1,220.8,187.1,0.872,200032
3,487.3,19.4,506.1,68.0,0.847,200033
3,588.1,195.9,631.1,230.3,0.851,200034
3,220.2,0.0,269.8,24.2,0.825,200035
3,183.6,180.3,225.6,199.8,0.808,200036
3,200.1,0.0,231.7,20.5,0.802,200037
4,579.4,238.8,623.9,266.9,0.91,100001
4,195.5,354.9,242.6,384.0,0.9,100002
4,314.2,278.6,357.9,306.4,0.907,100003
4,418.1,360.8,447.8,394.6,0.901,100004
4,192.1,383.8,236.2,408.6,0.895,100005
4,557.1,413.4,593.6,442.0,0.891,100006
4,192.8,253.9,232.2,285.2,0.886,100007
4,347.1,374.1,379.6,400.6,0.888,100008
4,184.0,303.2,221.3,340.2,0.874,100009
4,196.6,293.2,240.7,319.2,0.838,100010
4,208.5,210.2,241.3,253.1,0.885,100011
4,196.2,333.2,227.0,366.5,0.811,100012
4,582.9,379.2,632.1,403.9,0.875,100013
4,585.2,354.5,624.0,389.2,0.881,100014
4,590.3,408.4,621.4,442.3,0.804,100015
4,181.0,207.5,211.9,235.0,0.852,100016
4,182.0,232.7,220.5,254.8,0.837,100017
4,565.6,395.3,609.4,419.8,0.812,100018
4,192.1,62.0,235.5,94.1,0.909,200019
4,184.0,34.5,228.6,64.3,0.904,200020
4,356.2,146.4,393.8,179.5,0.905,200021
4,429.4,149.4,464.7,202.3,0.899,200022
4,222.3,176.7,258.9,203.3,0.894,200023
4,391.9,32.8,421.1,68.7,0.902,200024
4,364.0,52.4,390.7,90.0,0.9,200025
4,181.7,0.2,212.1,33.9,0.894,200026
4,324.8,126.8,368.1,152.5,0.894,200027
4,467.8,105.3,503.5,132.7,0.892,200028
4,587.1,14.6,617.3,61.7,0.897,200029
4,568.9,192.3,600.5,225.6,0.883,200030
4,597.3,176.8,624.5,208.0,0.879,200031
4,183.5,157.2,220.8,186.9,0.864,200032
4,487.0,19.9,505.8,68.2,0.857,200033
4,588.4,196.4,631.3,230.4,0.861,200034
4,221.2,0.0,269.9,24.2,0.825,200035
4,183.8,180.2,226.3,199.6,0.821,200036
4,199.6,0.0,231.7,20.3,0.801,200037
5,579.4,238.6,624.1,266.9,0.911,100001
5,195.6,355.4,242.3,384.0,0.889,100002
5,314.7,278.9,357.7,306.8,0.908,100003
5,417.9,360.8,447.3,394.5,0.894,100004
5,192.3,383.8,236.3,408.7,0.896,100005
5,557.1,413.3,593.6,442.2,0.892,100006
5,192.8,254.6,232.0,284.6,0.881,100007
5,348.5,374.2,378.6,406.1,0.893,100008
5,184.0,303.8,222.3,344.0,0.854,100009
5,196.0,293.5,240.7,319.3,0.856,100010
5,208.6,209.9,241.4,253.0,0.888,100011
5,196.5,337.3,227.0,368.8,0.735,100012
5,582.8,379.2,632.0,404.0,0.878,100013
5,585.2,354.4,624.7,389.0,0.887,100014
5,590.0,408.6,621.3,442.2,0.816,100015
5,181.8,207.6,212.2,235.0,0.853,100016
5,181.9,232.9,220.4,254.8,0.838,100017
5,565.6,395.4,609.6,419.6,0.813,100018
5,192.1,61.9,235.7,94.1,0.912,200019
5,184.0,34.6,228.4,64.3,0.902,200020
5,355.9,146.1,394.4,179.4,0.905,200021
5,429.6,147.0,465.5,202.6,0.859,200022
5,222.3,176.7,258.8,203.2,0.895,200023
5,392.2,33.8,421.1,68.4,0.895,200024
5,364.1,52.6,391.1,89.7,0.897,200025
5,181.7,0.4,212.1,33.9,0.893,200026
5,324.6,126.9,368.7,152.5,0.9,200027
5,467.8,105.3,503.6,132.6,0.889,200028
5,587.2,14.6,617.2,61.7,0.894,200029
5,568.9,192.3,600.3,225.6,0.886,200030
5,597.4,176.9,624.6,208.0,0.879,200031
5,183.4,157.2,220.7,187.2,0.868,200032
5,486.7,19.9,505.8,68.2,0.859,200033
5,588.6,196.5,631.2,230.4,0.863,200034
5,220.2,0.0,269.8,24.2,0.826,200035
5,184.0,180.0,226.3,199.4,0.818,200036
5,199.0,0.1,231.9,20.1,0.808,200037
6,579.2,238.6,624.2,266.9,0.913,100001
6,195.8,355.8,242.7,384.1,0.885,100002
6,315.0,278.7,357.9,306.8,0.908,100003
6,418.1,360.8,447.3,395.3,0.89,100004
6,192.3,383.9,236.0,409.0,0.896,100005
6,557.1,413.5,593.7,442.3,0.891,100006
6,192.9,254.4,232.3,284.7,0.876,100007
6,346.3,375.6,376.4,408.3,0.895,100008
6,184.0,304.7,220.8,342.1,0.834,100009
6,195.9,293.7,240.9,319.5,0.856,100010
6,208.6,210.1,241.5,253.3,0.889,100011
6,196.8,336.8,227.7,370.2,0.709,100012
6,582.9,379.2,632.0,403.9,0.882,100013
6,585.5,354.4,624.0,388.4,0.89,100014
6,589.9,409.7,621.4,443.1,0.79,100015
6,179.9,207.4,212.4,235.1,0.849,100016
6,182.2,232.8,220.5,254.9,0.845,100017
6,565.6,395.3,609.4,419.3,0.821,100018
6,192.3,61.9,235.7,94.1,0.914,200019
6,184.1,34.4,228.6,64.3,0.903,200020
6,355.6,145.7,395.5,179.3,0.911,200021
6,431.9,148.3,465.6,197.1,0.899,200022
6,222.1,176.7,258.6,203.1,0.896,200023
6,392.2,33.7,421.6,68.6,0.891,200024
6,364.4,52.8,391.6,89.8,0.895,200025
6,181.5,0.3,212.0,34.1,0.894,200026
6,325.2,126.1,363.0,153.3,0.892,200027
6,467.8,105.3,503.6,132.5,0.888,200028
6,587.0,14.3,617.3,61.7,0.902,200029
6,568.9,192.4,600.5,225.7,0.885,200030
6,597.4,176.9,624.7,208.0,0.876,200031
6,183.4,157.1,221.0,187.4,0.864,200032
6,486.7,19.7,505.8,68.0,0.854,200033
6,588.5,196.5,631.3,230.4,0.863,200034
6,219.8,0.0,269.8,24.2,0.826,200035
6,184.0,180.1,226.1,199.4,0.821,200036
6,199.3,0.2,231.7,20.1,0.789,200037
7,579.3,238.5,624.4,266.9,0.912,100001
7,195.8,356.4,242.8,384.2,0.886,100002
7,315.0,278.6,358.0,307.0,0.908,100003
7,418.1,360.9,447.3,395.2,0.897,100004
7,192.1,383.9,236.1,408.9,0.896,100005
7,557.1,413.4,593.5,442.3,0.891,100006
7,193.0,254.2,232.2,284.9,0.885,100007
7,343.0,371.3,369.6,406.6,0.835,100008
7,184.8,304.0,226.7,348.4,0.836,100009
7,195.8,293.6,240.7,319.6,0.851,100010
7,209.0,210.1,241.4,253.3,0.886,100011
7,196.3,340.2,228.5,370.9,0.728,100012
7,583.1,379.3,632.0,403.8,0.883,100013
7,585.2,354.5,623.9,388.3,0.886,100014
7,590.2,406.6,621.6,443.7,0.816,100015
7,179.2,207.5,212.5,234.8,0.855,100016
7,182.3,232.8,220.6,255.0,0.85,100017
7,565.7,395.3,608.8,419.3,0.823,100018
7,192.3,61.8,235.8,94.0,0.915,200019
7,183.9,34.2,228.7,64.1,0.906,200020
7,355.3,146.5,396.9,179.1,0.917,200021
7,439.2,145.8,464.5,196.1,0.901,200022
7,222.0,176.7,258.6,203.0,0.896,200023
7,391.6,33.0,421.1,68.5,0.9,200024
7,364.3,52.7,391.1,89.8,0.895,200025
7,181.5,0.3,212.0,34.0,0.896,200026
7,324.3,118.4,361.1,151.3,0.896,200027
7,467.9,105.4,503.6,132.4,0.891,200028
7,587.1,14.3,617.4,61.8,0.895,200029
7,568.9,192.5,600.5,225.7,0.885,200030
7,597.5,177.0,624.8,207.7,0.874,200031
7,183.6,157.0,220.9,187.1,0.861,200032
7,486.8,19.4,505.7,67.6,0.853,200033
7,588.1,196.3,631.2,230.4,0.855,200034
7,224.0,0.0,269.7,24.2,0.824,200035
7,184.3,180.1,225.7,199.1,0.806,200036
7,200.0,0.0,231.8,20.6,0.8,200037
8,579.3,238.5,624.4,266.9,0.912,100001
8,195.8,356.4,242.8,384.2,0.888,100002
8,315.0,278.6,358.1,307.0,0.908,100003
8,418.1,360.9,447.3,395.2,0.897,100004
8,192.2,383.9,236.1,408.9,0.896,100005
8,557.1,413.4,593.6,442.3,0.891,100006
8,193.0,254.2,232.2,284.9,0.884,100007
8,343.0,371.3,369.5,406.6,0.834,100008
8,184.8,304.0,226.8,348.3,0.835,100009
8,195.8,293.6,240.7,319.6,0.852,100010
8,208.9,210.1,241.4,253.3,0.886,100011
8,196.4,340.2,228.4,370.5,0.728,100012
8,583.1,379.3,632.0,403.9,0.883,100013
8,585.2,354.5,623.9,388.3,0.887,100014
8,589.4,409.0,621.5,443.7,0.815,100015
8,179.3,207.5,212.4,234.8,0.856,100016
8,182.3,232.8,220.6,255.0,0.85,100017
8,565.7,395.3,609.0,419.1,0.826,100018
8,192.3,61.8,235.8,94.0,0.915,200019
8,183.9,34.2,228.7,64.1,0.906,200020
8,355.3,146.5,396.9,179.0,0.917,200021
8,439.2,145.8,464.5,196.2,0.901,200022
8,221.9,176.7,258.6,202.9,0.895,200023
8,391.6,33.0,421.1,68.5,0.9,200024
8,364.3,52.7,391.1,89.8,0.895,200025
8,181.5,0.3,212.0,34.0,0.896,200026
8,324.3,118.4,361.1,151.3,0.896,200027
8,467.9,105.4,503.6,132.5,0.891,200028
8,587.2,14.2,617.4,61.8,0.895,200029
8,569.0,192.6,600.5,225.8,0.884,200030
8,597.5,176.9,624.8,207.7,0.874,200031
8,183.6,157.0,220.9,187.0,0.861,200032
8,486.8,19.4,505.7,67.6,0.853,200033
8,588.0,196.3,631.2,230.4,0.853,200034
8,223.9,0.0,269.7,24.2,0.824,200035
8,184.3,180.0,225.7,199.1,0.806,200036
8,199.9,0.0,231.8,20.6,0.8,200037
9,579.3,238.7,624.3,266.9,0.912,100001
9,195.7,356.5,243.0,384.2,0.885,100002
9,315.1,278.6,358.1,307.2,0.907,100003
9,418.1,360.9,447.2,394.8,0.896,100004
9,192.2,383.8,235.9,408.5,0.896,100005
9,557.3,413.6,593.5,442.0,0.892,100006
9,193.2,254.2,232.2,284.9,0.883,100007
9,335.3,362.0,362.8,407.0,0.899,100008
9,185.5,303.0,227.1,348.7,0.847,100009
9,195.9,294.0,241.3,319.4,0.873,100010
9,209.0,210.0,241.5,253.2,0.885,100011
9,196.1,340.8,229.1,371.2,0.738,100012
9,583.0,379.4,631.9,403.9,0.884,100013
9,585.1,354.6,623.8,388.3,0.887,100014
9,589.8,405.2,624.6,441.2,0.817,100015
9,179.3,207.6,212.3,234.9,0.852,100016
9,182.2,232.8,220.8,255.1,0.847,100017
9,565.7,395.2,608.9,420.5,0.808,100018
9,192.3,61.8,235.9,94.0,0.915,200019
9,183.7,34.2,228.7,64.0,0.907,200020
9,355.5,146.8,396.6,178.9,0.911,200021
9,437.9,143.3,462.3,188.2,0.899,200022
9,222.1,176.7,258.5,203.0,0.895,200023
9,391.7,32.7,420.7,68.6,0.904,200024
9,364.1,52.6,391.1,89.5,0.898,200025
9,181.7,0.4,212.1,33.8,0.893,200026
9,323.3,113.5,360.8,147.1,0.901,200027
9,467.6,105.4,503.6,132.4,0.892,200028
9,587.2,14.4,617.3,61.7,0.886,200029
9,568.9,192.4,600.5,225.7,0.884,200030
9,597.5,176.9,625.2,207.7,0.867,200031
9,183.3,157.0,220.9,186.7,0.858,200032
9,486.7,19.3,505.6,67.5,0.854,200033
9,588.3,196.2,631.2,230.3,0.846,200034
9,223.0,0.0,269.8,24.2,0.824,200035
9,184.2,180.2,226.9,199.5,0.804,200036
9,199.8,0.0,231.9,20.7,0.804,200037
10,579.3,238.7,624.3,266.9,0.911,100001
10,195.7,356.5,243.0,384.2,0.885,100002
10,315.1,278.6,358.1,307.2,0.907,100003
10,418.1,360.9,447.2,394.8,0.897,100004
10,192.2,383.8,235.9,408.5,0.896,100005
10,557.3,413.5,593.5,442.0,0.892,100006
10,193.2,254.3,232.2,284.9,0.882,100007
10,335.3,362.1,362.8,407.0,0.899,100008
10,185.5,303.0,227.1,348.7,0.847,100009
10,195.9,294.0,241.3,319.4,0.874,100010
10,209.0,210.0,241.5,253.2,0.885,100011
10,196.1,340.9,229.1,371.2,0.74,100012
10,583.0,379.4,631.8,403.9,0.884,100013
10,585.1,354.6,623.8,388.3,0.887,100014
10,589.8,405.1,624.6,441.2,0.815,100015
10,179.4,207.6,212.2,234.9,0.852,100016
10,182.2,232.8,220.7,255.1,0.847,100017
10,565.7,395.2,608.9,421.0,0.809,100018
10,192.3,61.8,235.9,94.0,0.915,200019
10,183.7,34.2,228.7,64.1,0.907,200020
10,355.5,146.8,396.5,178.8,0.911,200021
10,437.9,143.3,462.3,188.2,0.899,200022
10,222.1,176.7,258.5,203.0,0.895,200023
10,391.7,32.7,420.7,68.7,0.904,200024
10,364.1,52.6,391.0,89.5,0.898,200025
10,181.7,0.3,212.2,34.0,0.894,200026
10,323.3,113.5,360.9,147.0,0.901,200027
10,467.6,105.4,503.6,132.4,0.892,200028
10,587.2,14.4,617.3,61.7,0.885,200029
10,568.9,192.4,600.5,225.7,0.884,200030
10,597.5,176.9,625.2,207.7,0.868,200031
10,183.3,157.0,220.9,186.7,0.858,200032
10,486.7,19.3,505.6,67.5,0.854,200033
10,588.2,196.2,631.2,230.3,0.844,200034
10,223.1,0.0,269.8,24.2,0.824,200035
10,184.2,180.2,226.8,199.5,0.799,200036
10,199.8,0.0,231.9,20.7,0.805,200037
11,579.6,238.7,624.5,266.9,0.91,100001
11,194.5,356.8,242.9,384.3,0.882,100002
11,315.4,278.7,357.9,307.3,0.907,100003
11,418.1,360.8,447.2,394.8,0.9,100004
11,192.1,383.8,235.9,408.3,0.896,100005
11,557.2,413.8,593.5,442.0,0.893,100006
11,193.2,254.3,232.3,284.9,0.883,100007
11,329.5,350.6,357.2,395.4,0.909,100008
11,187.0,303.5,227.3,348.7,0.859,100009
11,195.8,293.7,241.3,319.4,0.857,100010
11,209.1,209.9,241.4,253.1,0.886,100011
11,195.6,340.3,230.1,370.8,0.729,100012
11,582.8,379.4,631.9,404.1,0.884,100013
11,585.1,354.4,623.5,388.3,0.887,100014
11,589.8,405.6,625.8,441.4,0.808,100015
11,179.4,207.5,212.2,234.9,0.85,100016
11,182.3,233.0,220.9,255.2,0.842,100017
11,565.5,395.1,607.8,421.9,0.822,100018
11,192.1,61.8,235.9,94.2,0.91,200019
11,183.8,34.4,228.6,64.2,0.904,200020
11,354.9,146.9,394.9,179.0,0.916,200021
11,438.0,139.6,463.0,185.1,0.902,200022
11,222.2,176.7,258.5,202.9,0.893,200023
11,391.7,32.6,420.6,68.7,0.905,200024
11,364.0,52.4,391.0,88.8,0.903,200025
11,181.8,0.3,212.2,34.1,0.894,200026
11,323.5,111.8,360.9,146.3,0.906,200027
11,465.7,105.3,503.3,132.2,0.89,200028
11,587.1,14.5,617.4,61.8,0.902,200029
11,568.9,192.4,600.6,225.6,0.886,200030
11,597.5,176.9,625.3,207.7,0.868,200031
11,183.4,157.2,220.7,186.5,0.864,200032
11,486.5,18.9,505.8,67.5,0.857,200033
11,588.2,196.2,631.2,230.3,0.847,200034
11,224.6,0.0,269.9,24.2,0.824,200035
11,184.4,179.9,225.9,199.3,0.802,200036
11,200.0,0.0,232.0,20.7,0.812,200037
12,579.6,238.8,624.4,266.8,0.909,100001
12,194.2,356.9,242.7,384.2,0.88,100002
12,315.5,278.7,357.9,307.4,0.906,100003
12,417.9,360.7,447.4,394.0,0.904,100004
12,192.0,383.8,235.8,408.3,0.894,100005
12,557.3,413.8,593.6,442.0,0.894,100006
12,193.3,253.6,232.1,285.0,0.882,100007
12,329.6,350.2,357.3,395.5,0.906,100008
12,187.1,303.5,227.2,347.9,0.853,100009
12,195.9,293.7,241.3,319.4,0.867,100010
12,209.2,210.0,241.5,253.1,0.888,100011
12,195.4,340.2,229.9,370.1,0.686,100012
12,582.9,379.2,631.7,404.0,0.879,100013
12,584.9,354.4,623.0,388.3,0.887,100014
12,590.3,405.5,625.4,441.1,0.784,100015
12,179.4,207.6,212.6,234.5,0.827,100016
12,182.1,232.5,220.4,255.2,0.837,100017
12,565.6,395.1,608.6,421.8,0.822,100018
12,192.0,61.6,235.8,94.2,0.906,200019
12,183.9,34.5,228.5,64.3,0.901,200020
12,354.9,147.0,394.6,178.9,0.918,200021
12,438.0,139.8,463.0,185.2,0.904,200022
12,222.2,176.6,258.7,202.9,0.891,200023
12,391.6,32.5,420.5,68.5,0.905,200024
12,364.0,52.3,390.8,88.6,0.902,200025
12,181.8,0.2,212.2,34.0,0.892,200026
12,323.6,111.7,361.0,146.1,0.906,200027
12,465.7,105.2,503.3,132.1,0.894,200028
12,587.0,14.5,617.5,61.9,0.9,200029
12,568.9,192.6,600.6,225.5,0.886,200030
12,597.5,176.8,625.2,207.8,0.873,200031
12,183.6,157.2,220.7,186.7,0.87,200032
12,486.2,18.7,505.7,68.0,0.854,200033
12,588.1,196.3,631.2,230.4,0.85,200034
12,226.3,0.1,269.9,24.2,0.847,200035
12,184.5,179.9,226.1,199.5,0.807,200036
12,200.4,0.1,232.1,20.2,0.82,200037
13,579.6,238.7,624.6,266.8,0.909,100001
13,192.8,357.5,242.9,384.3,0.866,100002
13,315.1,278.6,357.9,307.5,0.906,100003
13,418.0,360.8,447.2,394.3,0.902,100004
13,191.7,384.0,235.8,408.5,0.892,100005
13,557.4,413.6,593.7,442.1,0.893,100006
13,192.9,253.8,232.1,285.3,0.878,100007
13,324.7,346.8,352.5,390.4,0.897,100008
13,187.3,303.7,225.8,345.9,0.85,100009
13,195.9,294.1,241.2,319.4,0.88,100010
13,209.3,210.3,241.6,253.3,0.886,100011
13,194.3,339.8,229.7,372.6,0.723,100012
13,582.9,379.1,631.9,404.0,0.88,100013
13,585.0,354.6,623.0,388.2,0.89,100014
13,590.8,406.4,626.0,441.3,0.796,100015
13,179.7,207.3,213.3,234.5,0.841,100016
13,182.0,232.5,220.2,255.1,0.841,100017
13,565.5,394.9,607.2,421.4,0.82,100018
13,192.2,61.8,235.8,94.3,0.909,200019
13,183.0,34.3,228.3,64.3,0.903,200020
13,354.9,147.4,398.1,178.5,0.911,200021
13,440.5,139.8,467.0,184.5,0.899,200022
13,221.8,176.7,258.6,203.0,0.895,200023
13,392.0,32.8,421.5,68.6,0.894,200024
13,364.1,52.4,391.6,89.0,0.899,200025
13,181.8,0.2,212.2,34.0,0.893,200026
13,323.7,111.4,361.1,145.4,0.903,200027
13,464.9,105.1,503.1,132.2,0.889,200028
13,587.1,14.5,617.4,61.8,0.898,200029
13,568.8,192.5,600.5,225.5,0.889,200030
13,597.6,176.8,625.5,207.9,0.868,200031
13,183.7,157.1,221.0,186.0,0.863,200032
13,486.0,18.6,505.8,67.5,0.853,200033
13,587.5,196.3,630.7,230.2,0.813,200034
13,225.2,0.1,269.8,24.3,0.848,200035
13,184.5,180.1,225.8,199.4,0.803,200036
13,200.5,0.1,231.8,20.1,0.826,200037
14,579.6,238.8,624.6,266.8,0.909,100001
14,192.8,357.5,242.8,384.3,0.866,100002
14,315.1,278.6,357.9,307.5,0.906,100003
14,418.0,360.8,447.2,394.3,0.902,100004
14,191.7,384.0,235.9,408.5,0.892,100005
14,557.4,413.7,593.7,442.1,0.893,100006
14,192.9,253.7,232.1,285.3,0.878,100007
14,324.6,346.8,352.4,390.5,0.898,100008
14,187.3,303.7,225.9,346.4,0.855,100009
14,195.9,294.1,241.2,319.4,0.88,100010
14,209.3,210.3,241.6,253.3,0.886,100011
14,194.3,339.9,229.7,372.4,0.727,100012
14,582.9,379.1,631.9,404.1,0.88,100013
14,585.0,354.5,623.0,388.2,0.89,100014
14,590.7,406.0,626.0,441.3,0.8,100015
14,179.7,207.3,213.3,234.5,0.842,100016
14,182.0,232.5,220.2,255.1,0.842,100017
14,565.5,394.9,607.0,420.9,0.819,100018
14,192.2,61.8,235.8,94.3,0.909,200019
14,183.0,34.3,228.3,64.3,0.903,200020
14,354.9,147.4,398.1,178.5,0.911,200021
14,440.5,139.8,467.0,184.5,0.899,200022
14,221.8,176.7,258.6,203.0,0.895,200023
14,392.0,32.8,421.5,68.6,0.893,200024
14,364.1,52.4,391.6,89.0,0.9,200025
14,181.8,0.2,212.2,34.0,0.893,200026
14,323.7,111.4,361.1,145.4,0.904,200027
14,464.9,105.1,503.1,132.2,0.889,200028
14,587.1,14.5,617.4,61.7,0.897,200029
14,568.8,192.5,600.4,225.5,0.889,200030
14,597.6,176.8,625.5,207.9,0.868,200031
14,183.7,157.1,221.0,186.1,0.864,200032
14,486.0,18.5,505.8,67.5,0.853,200033
14,587.6,196.3,630.7,230.2,0.814,200034
14,225.1,0.1,269.8,24.3,0.848,200035
14,184.5,180.1,225.8,199.3,0.801,200036
14,200.5,0.1,231.8,20.1,0.827,200037
15,579.2,238.7,624.6,266.9,0.91,100001
15,192.4,357.5,243.1,384.3,0.824,100002
15,315.1,278.7,356.8,307.9,0.911,100003
15,418.1,360.8,447.3,394.9,0.896,100004
15,191.5,384.0,235.9,408.3,0.893,100005
15,557.3,413.7,593.6,442.1,0.893,100006
15,193.0,253.6,232.1,285.2,0.874,100007
15,314.0,331.0,339.5,381.0,0.883,100008
15,188.6,301.9,225.4,344.2,0.806,100009
15,196.1,294.3,241.1,319.7,0.885,100010
15,209.7,210.0,241.5,253.2,0.879,100011
15,193.6,339.9,228.3,373.7,0.694,100012
15,583.0,379.0,631.8,404.0,0.879,100013
15,585.2,354.5,623.0,388.1,0.891,100014
15,590.7,405.7,626.1,440.9,0.813,100015
15,180.9,207.7,212.9,234.4,0.83,100016
15,182.2,232.5,220.3,255.0,0.839,100017
15,565.6,394.9,606.8,420.5,0.821,100018
15,192.4,61.8,235.7,94.1,0.912,200019
15,182.9,34.2,228.5,64.1,0.906,200020
15,355.1,147.7,394.4,179.4,0.909,200021
15,441.1,140.8,468.5,184.8,0.9,200022
15,220.5,177.2,256.8,203.3,0.897,200023
15,391.8,33.1,421.4,68.5,0.896,200024
15,364.1,52.5,391.7,88.9,0.9,200025
15,181.6,0.2,212.2,34.0,0.894,200026
15,323.4,108.8,360.3,144.9,0.902,200027
15,465.3,105.0,503.0,132.1,0.889,200028
15,587.0,14.5,617.4,61.5,0.897,200029
15,568.8,192.6,600.6,225.6,0.886,200030
15,597.5,176.9,625.1,207.8,0.874,200031
15,183.3,157.0,221.0,186.2,0.857,200032
15,485.7,16.2,506.0,67.5,0.856,200033
15,587.4,196.3,630.8,230.3,0.827,200034
15,225.5,0.1,269.8,24.3,0.844,200035
15,184.6,180.1,224.7,199.5,0.82,200036
15,200.6,0.1,231.8,20.1,0.821,200037
16,579.2,238.7,624.7,266.9,0.91,100001
16,192.4,357.5,243.1,384.3,0.825,100002
16,315.1,278.7,356.8,307.9,0.91,100003
16,418.1,360.8,447.3,394.8,0.894,100004
16,191.5,384.0,235.9,408.3,0.892,100005
16,557.3,413.7,593.6,442.1,0.893,100006
16,193.0,253.7,232.1,285.1,0.874,100007
16,314.0,331.1,339.5,381.0,0.883,100008
16,188.6,301.9,225.4,344.0,0.807,100009
16,196.1,294.3,241.1,319.7,0.885,100010
16,209.7,210.0,241.5,253.2,0.88,100011
16,193.6,340.0,228.3,373.7,0.697,100012
16,583.0,379.0,631.8,404.0,0.879,100013
16,585.2,354.5,623.0,388.1,0.891,100014
16,590.7,405.7,626.1,440.9,0.811,100015
16,180.9,207.7,212.9,234.4,0.831,100016
16,182.2,232.5,220.3,255.0,0.84,100017
16,565.6,394.9,606.7,420.5,0.821,100018
16,192.4,61.8,235.7,94.1,0.912,200019
16,182.9,34.2,228.5,64.1,0.906,200020
16,355.1,147.7,394.4,179.4,0.909,200021
16,441.1,140.7,468.5,184.8,0.9,200022
16,220.5,177.2,256.9,203.4,0.897,200023
16,391.8,33.1,421.4,68.5,0.896,200024
16,364.1,52.5,391.7,88.9,0.9,200025
16,181.6,0.2,212.2,34.0,0.894,200026
16,323.4,108.8,360.3,145.0,0.902,200027
16,465.3,105.0,503.0,132.1,0.889,200028
16,587.0,14.5,617.3,61.6,0.899,200029
16,568.8,192.5,600.6,225.6,0.885,200030
16,597.5,176.9,625.1,207.8,0.874,200031
16,183.3,157.0,221.0,186.4,0.858,200032
16,485.7,16.3,506.0,67.5,0.855,200033
16,586.9,196.3,630.8,230.3,0.823,200034
16,225.3,0.2,269.8,24.3,0.843,200035
16,184.5,180.1,224.6,199.5,0.818,200036
16,200.5,0.1,231.8,20.1,0.82,200037
17,579.2,238.8,626.2,266.9,0.91,100001
17,192.3,357.4,243.0,384.3,0.802,100002
17,314.8,278.6,357.1,307.3,0.909,100003
17,418.0,360.7,447.2,394.3,0.9,100004
17,191.1,384.1,236.2,408.0,0.893,100005
17,557.3,413.6,593.7,441.9,0.892,100006
17,192.6,253.5,232.1,285.6,0.858,100007
17,311.1,317.2,337.3,365.6,0.898,100008
17,189.1,300.3,221.9,341.6,0.817,100009
17,201.5,294.1,240.7,319.9,0.871,100010
17,209.7,209.8,241.4,253.0,0.889,100011
17,194.5,340.7,228.5,373.2,0.653,100012
17,583.1,379.1,631.7,404.0,0.878,100013
17,585.1,354.6,623.0,388.2,0.89,100014
17,590.2,408.8,626.9,440.8,0.786,100015
17,180.9,207.8,212.8,234.3,0.828,100016
17,182.3,232.9,220.6,254.9,0.839,100017
17,565.6,394.9,607.0,420.6,0.809,100018
17,192.4,61.8,235.7,94.0,0.912,200019
17,182.6,34.4,228.6,64.1,0.904,200020
17,355.0,147.6,393.2,179.3,0.909,200021
17,441.1,140.7,468.9,186.2,0.9,200022
17,218.1,177.1,254.3,203.4,0.895,200023
17,392.0,32.5,421.5,68.4,0.897,200024
17,364.1,52.6,391.8,88.9,0.898,200025
17,183.0,0.1,215.3,34.2,0.89,200026
17,323.2,108.6,360.3,144.8,0.903,200027
17,465.2,105.0,503.2,132.3,0.888,200028
17,587.0,14.6,617.3,61.9,0.899,200029
17,568.9,192.6,600.5,225.6,0.885,200030
17,597.5,176.9,625.3,207.8,0.873,200031
17,183.4,157.0,220.7,187.0,0.864,200032
17,485.7,14.7,505.9,67.6,0.869,200033
17,587.7,196.4,630.9,230.4,0.83,200034
17,226.0,0.1,269.7,24.3,0.84,200035
17,183.9,179.9,223.7,199.6,0.821,200036
17,200.4,0.0,231.2,21.3,0.806,200037
18,579.3,238.7,626.5,266.9,0.91,100001
18,192.2,357.3,242.9,384.2,0.85,100002
18,314.5,278.7,356.7,307.9,0.909,100003
18,417.9,360.7,447.3,394.0,0.904,100004
18,191.2,384.0,236.1,408.2,0.892,100005
18,557.3,413.8,593.7,441.9,0.888,100006
18,192.7,253.7,232.0,284.6,0.879,100007
18,308.0,313.0,342.1,355.4,0.897,100008
18,188.8,301.7,220.8,339.4,0.807,100009
18,202.1,294.1,241.6,320.0,0.871,100010
18,209.5,210.0,241.5,253.1,0.885,100011
18,195.2,341.4,228.7,371.5,0.615,100012
18,583.2,379.2,631.7,404.0,0.882,100013
18,585.1,354.6,623.0,388.0,0.886,100014
18,590.5,407.5,626.8,440.8,0.813,100015
18,180.9,207.9,212.3,235.2,0.829,100016
18,182.4,232.9,220.6,255.0,0.836,100017
18,565.5,394.9,607.3,420.5,0.828,100018
18,192.3,61.8,235.8,94.1,0.913,200019
18,182.8,34.2,228.5,64.1,0.905,200020
18,355.0,147.7,390.8,179.4,0.904,200021
18,440.6,142.4,468.5,187.0,0.892,200022
18,218.6,177.0,254.0,202.9,0.892,200023
18,391.6,32.5,420.9,68.4,0.906,200024
18,364.1,52.6,392.0,88.8,0.895,200025
18,182.9,0.1,215.1,33.7,0.907,200026
18,323.1,108.7,360.3,144.5,0.902,200027
18,464.8,105.0,503.1,132.1,0.886,200028
18,587.1,14.6,617.4,61.9,0.896,200029
18,568.8,192.5,600.6,225.6,0.884,200030
18,597.5,177.0,625.4,207.8,0.872,200031
18,183.5,157.2,220.4,187.2,0.861,200032
18,485.5,15.1,505.8,67.6,0.869,200033
18,587.6,196.4,630.8,230.5,0.829,200034
18,226.7,0.0,269.7,24.4,0.84,200035
18,183.9,179.8,224.1,199.4,0.816,200036
18,203.3,0.3,225.1,18.8,0.539,200037
19,579.6,238.7,626.5,266.8,0.908,100001
19,193.7,357.5,243.2,384.4,0.831,100002
19,314.5,279.1,356.9,307.3,0.911,100003
19,417.9,360.7,447.3,394.0,0.904,100004
19,191.3,383.8,236.1,408.7,0.894,100005
19,557.2,413.6,593.5,442.0,0.892,100006
19,192.8,253.7,232.2,284.9,0.881,100007
19,302.2,308.3,343.3,344.0,0.91,100008
19,188.9,300.7,221.9,340.8,0.792,100009
19,201.7,293.9,241.5,320.1,0.863,100010
19,209.3,209.9,241.6,253.3,0.89,100011
19,194.7,341.2,228.2,372.2,0.661,100012
19,583.1,379.1,631.9,404.0,0.879,100013
19,585.1,354.6,622.8,388.2,0.886,100014
19,590.6,408.3,627.0,440.1,0.798,100015
19,180.5,207.9,212.5,234.8,0.835,100016
19,182.1,232.5,220.3,254.9,0.837,100017
19,565.6,394.9,607.9,421.5,0.82,100018
19,192.3,61.7,235.9,94.3,0.913,200019
19,182.8,34.3,228.4,64.2,0.905,200020
19,355.0,147.7,390.2,179.5,0.906,200021
19,440.6,140.8,468.3,187.2,0.889,200022
19,218.8,177.2,254.7,203.1,0.892,200023
19,391.7,32.3,420.4,68.4,0.91,200024
19,364.2,52.6,391.9,88.6,0.897,200025
19,183.0,0.0,213.7,33.3,0.9,200026
19,323.2,111.8,362.0,145.0,0.9,200027
19,464.9,105.0,503.1,132.2,0.891,200028
19,587.1,14.5,617.4,61.7,0.895,200029
19,568.8,192.5,600.7,225.6,0.889,200030
19,597.5,176.9,625.7,207.8,0.866,200031
19,183.1,157.2,220.6,187.1,0.862,200032
19,485.6,15.6,505.8,67.8,0.865,200033
19,587.6,196.6,630.8,230.5,0.833,200034
19,229.3,0.1,269.7,24.2,0.892,200035
19,183.8,180.1,224.2,199.5,0.814,200036
19,201.7,0.0,230.5,19.5,0.697,200037
20,579.6,238.7,626.6,266.8,0.908,100001
20,193.2,357.5,243.2,384.3,0.874,100002
20,315.2,280.2,356.6,309.9,0.908,100003
20,417.9,360.7,447.3,394.1,0.904,100004
20,190.9,383.8,236.2,408.5,0.896,100005
20,557.2,413.7,593.6,442.0,0.892,100006
20,192.8,253.7,232.2,284.9,0.88,100007
20,301.8,308.0,348.8,343.9,0.908,100008
20,188.9,299.9,221.8,338.0,0.829,100009
20,201.2,294.0,241.5,320.0,0.867,100010
20,209.4,210.3,241.5,253.1,0.889,100011
20,196.3,325.9,227.7,369.4,0.704,100012
20,582.8,379.3,631.6,404.1,0.877,100013
20,585.1,354.5,622.7,387.9,0.889,100014
20,590.6,407.6,627.0,440.4,0.788,100015
20,180.6,207.9,212.6,234.4,0.842,100016
20,182.2,232.8,220.3,255.1,0.84,100017
20,565.5,394.8,606.5,421.5,0.825,100018
20,192.3,61.9,235.9,94.2,0.916,200019
20,181.0,31.7,228.4,60.9,0.903,200020
20,355.0,147.7,390.1,179.6,0.908,200021
20,440.7,139.8,468.3,186.9,0.894,200022
20,218.9,177.3,255.5,203.3,0.891,200023
20,391.6,33.0,420.5,68.4,0.907,200024
20,364.3,52.6,392.7,88.5,0.898,200025
20,182.8,0.0,213.1,32.2,0.888,200026
20,323.0,112.7,362.4,145.5,0.898,200027
20,465.2,105.0,503.1,132.1,0.893,200028
20,587.0,15.2,617.2,61.6,0.885,200029
20,568.9,192.1,600.6,225.7,0.89,200030
20,597.4,176.8,626.4,208.1,0.863,200031
20,183.2,157.1,220.9,185.9,0.866,200032
20,486.0,14.6,506.0,67.7,0.867,200033
20,587.9,196.6,630.8,230.6,0.844,200034
20,228.5,0.1,269.7,24.2,0.894,200035
20,185.0,180.1,224.7,199.2,0.819,200036
20,203.1,0.0,229.8,18.8,0.667,200037
21,579.6,238.7,627.1,266.9,0.909,100001
21,193.2,357.4,242.8,384.3,0.881,100002
21,315.3,280.1,356.9,309.4,0.917,100003
21,417.9,360.6,447.3,394.1,0.903,100004
21,190.9,383.7,236.2,408.2,0.893,100005
21,557.1,413.8,593.9,441.9,0.891,100006
21,192.6,253.6,232.2,285.1,0.869,100007
21,303.5,309.9,352.2,343.4,0.908,100008
21,188.9,299.3,221.5,336.7,0.864,100009
21,201.2,294.1,241.6,320.0,0.871,100010
21,209.3,210.5,241.5,253.0,0.891,100011
21,196.5,325.6,227.7,369.4,0.738,100012
21,582.7,379.3,631.1,403.9,0.876,100013
21,585.2,354.5,622.4,387.7,0.893,100014
21,589.5,412.8,626.9,440.9,0.772,100015
21,181.2,208.0,212.9,234.6,0.831,100016
21,182.3,232.7,220.6,255.1,0.832,100017
21,565.6,395.1,607.7,421.1,0.826,100018
21,192.4,61.8,235.8,94.2,0.914,200019
21,181.0,30.8,228.8,60.8,0.901,200020
21,354.8,147.8,389.5,179.8,0.911,200021
21,440.6,141.9,468.7,187.0,0.894,200022
21,218.9,177.5,255.8,203.2,0.895,200023
21,391.2,33.2,421.3,68.3,0.897,200024
21,364.1,52.4,394.1,87.6,0.909,200025
21,182.3,0.0,212.7,32.3,0.89,200026
21,323.1,110.5,360.4,145.0,0.905,200027
21,465.1,104.9,503.1,132.2,0.892,200028
21,587.1,15.1,617.2,61.8,0.888,200029
21,568.8,192.1,600.6,225.7,0.889,200030
21,597.4,176.8,626.5,208.0,0.859,200031
21,184.1,157.0,220.8,185.7,0.874,200032
21,483.6,12.8,505.6,67.5,0.876,200033
21,587.5,196.5,630.8,230.5,0.828,200034
21,231.4,0.2,269.7,24.2,0.897,200035
21,186.4,179.5,224.2,199.4,0.828,200036
21,200.1,0.1,230.9,20.4,0.79,200037
22,579.5,238.8,627.3,266.9,0.909,100001
22,193.4,357.1,242.9,384.3,0.868,100002
22,315.2,280.2,357.2,308.5,0.911,100003
22,417.9,360.5,447.2,394.1,0.905,100004
22,190.7,383.8,236.2,408.4,0.888,100005
22,557.1,413.8,594.0,441.8,0.891,100006
22,192.8,253.6,232.2,284.7,0.87,100007
22,304.4,311.7,351.4,342.5,0.905,100008
22,188.6,299.1,220.2,336.2,0.877,100009
22,201.2,294.1,241.4,319.7,0.859,100010
22,209.3,210.4,241.5,252.7,0.888,100011
22,196.6,328.0,229.2,369.1,0.797,100012
22,582.8,379.4,630.9,403.9,0.876,100013
22,585.2,354.5,622.4,387.7,0.894,100014
22,589.1,413.5,626.9,440.4,0.775,100015
22,181.8,208.1,212.5,234.7,0.827,100016
22,181.7,232.9,220.9,255.4,0.829,100017
22,565.6,395.2,607.6,420.0,0.837,100018
22,192.3,62.0,236.0,94.3,0.916,200019
22,181.5,30.8,229.5,60.2,0.904,200020
22,354.9,147.8,389.6,180.0,0.909,200021
22,440.8,140.4,468.8,187.4,0.898,200022
22,218.8,177.5,256.2,203.1,0.895,200023
22,391.5,32.7,419.6,67.7,0.916,200024
22,364.0,52.5,394.3,87.5,0.914,200025
22,182.6,0.0,214.0,31.9,0.887,200026
22,323.2,109.1,360.5,144.2,0.901,200027
22,465.2,104.9,503.2,132.1,0.892,200028
22,587.1,15.0,617.2,61.8,0.893,200029
22,568.8,192.4,600.7,225.8,0.885,200030
22,597.6,176.9,626.5,207.8,0.864,200031
22,183.8,157.0,220.8,185.6,0.868,200032
22,483.6,12.4,505.7,67.3,0.873,200033
22,587.5,196.5,630.8,230.5,0.809,200034
22,232.9,0.0,268.8,23.3,0.905,200035
22,186.3,179.8,224.3,199.4,0.841,200036
22,200.9,0.0,231.6,25.3,0.884,200037
23,579.4,238.7,627.4,266.9,0.909,100001
23,193.4,357.1,243.0,384.4,0.873,100002
23,315.4,280.2,357.4,308.0,0.909,100003
23,417.9,360.5,447.2,394.2,0.906,100004
23,190.8,383.8,236.1,408.7,0.891,100005
23,557.5,413.8,594.3,441.9,0.889,100006
23,192.5,254.4,232.3,284.4,0.872,100007
23,303.1,312.2,351.5,342.3,0.904,100008
23,188.5,298.8,220.3,336.1,0.865,100009
23,201.3,294.1,241.6,319.6,0.838,100010
23,209.6,210.0,241.4,253.0,0.883,100011
23,196.6,328.0,228.9,369.1,0.803,100012
23,582.8,379.5,631.0,404.0,0.872,100013
23,585.2,354.5,622.4,387.7,0.894,100014
23,589.3,413.9,627.0,440.0,0.777,100015
23,182.0,207.9,212.9,234.4,0.829,100016
23,182.5,232.7,220.5,255.2,0.837,100017
23,565.4,395.0,607.0,420.6,0.828,100018
23,192.2,61.8,236.1,94.4,0.914,200019
23,182.0,33.8,229.7,61.9,0.904,200020
23,354.9,147.8,389.3,180.3,0.911,200021
23,440.8,141.8,468.6,187.4,0.891,200022
23,218.9,177.5,257.5,203.3,0.891,200023
23,391.4,32.9,419.7,67.7,0.914,200024
23,364.6,52.7,395.4,86.4,0.912,200025
23,182.8,0.2,212.7,33.1,0.887,200026
23,323.2,107.6,360.0,141.8,0.896,200027
23,465.3,104.9,503.1,132.2,0.89,200028
23,587.1,15.4,617.2,61.7,0.896,200029
23,569.0,192.1,600.7,225.9,0.891,200030
23,597.5,176.9,627.0,207.9,0.86,200031
23,184.1,157.0,221.0,186.1,0.858,200032
23,483.5,12.4,505.8,67.1,0.869,200033
23,588.6,196.7,630.7,230.7,0.824,200034
23,232.8,0.1,267.0,22.6,0.87,200035
23,186.3,179.8,224.6,199.3,0.841,200036
23,198.9,0.0,232.8,29.0,0.887,200037
24,579.6,238.6,627.2,266.9,0.908,100001
24,193.4,357.0,243.0,384.3,0.864,100002
24,315.3,280.2,358.5,308.7,0.906,100003
24,417.8,360.6,447.4,394.0,0.91,100004
24,191.1,383.8,236.1,408.5,0.892,100005
24,558.2,412.7,594.9,442.1,0.886,100006
24,191.4,254.8,232.4,285.2,0.878,100007
24,303.4,312.3,351.5,340.7,0.907,100008
24,188.4,298.5,220.5,336.3,0.846,100009
24,201.5,294.0,241.7,319.6,0.849,100010
24,209.8,210.3,241.4,253.2,0.883,100011
24,197.0,327.7,228.8,367.8,0.814,100012
24,582.6,379.5,630.9,403.8,0.878,100013
24,584.9,354.4,622.5,387.7,0.892,100014
24,588.2,413.3,627.3,440.1,0.795,100015
24,180.9,207.8,212.4,234.9,0.817,100016
24,180.4,232.7,220.6,255.4,0.837,100017
24,565.8,394.9,608.2,418.2,0.847,100018
24,192.5,61.7,235.9,94.6,0.908,200019
24,182.5,35.0,230.0,63.2,0.906,200020
24,355.1,147.8,388.9,180.8,0.908,200021
24,441.2,140.3,468.5,187.4,0.896,200022
24,219.2,177.3,257.4,203.1,0.892,200023
24,391.5,32.8,419.8,67.7,0.915,200024
24,364.4,52.7,395.0,87.3,0.91,200025
24,180.9,0.0,213.1,34.2,0.908,200026
24,330.5,105.5,362.0,142.8,0.897,200027
24,464.9,104.8,503.1,131.8,0.884,200028
24,587.0,13.5,617.5,61.6,0.903,200029
24,569.4,191.7,600.0,227.3,0.889,200030
24,597.6,176.8,626.6,208.0,0.862,200031
24,183.7,157.1,221.0,186.8,0.862,200032
24,483.8,17.6,505.7,67.2,0.866,200033
24,588.8,197.0,630.8,230.6,0.838,200034
24,229.9,0.0,267.7,20.6,0.878,200035
24,186.4,179.9,224.3,199.5,0.827,200036
24,205.1,0.2,237.2,29.1,0.892,200037
25,579.6,238.6,627.5,266.9,0.91,100001
25,193.4,356.9,242.7,384.4,0.878,100002
25,315.5,280.0,358.0,309.7,0.911,100003
25,417.7,360.6,447.3,394.1,0.91,100004
25,190.9,383.8,236.0,408.5,0.891,100005
25,556.5,413.1,594.6,442.1,0.891,100006
25,191.4,254.8,232.4,284.8,0.881,100007
25,303.2,312.3,351.6,340.3,0.908,100008
25,188.4,298.2,220.6,338.0,0.859,100009
25,200.7,294.1,241.6,319.8,0.853,100010
25,209.8,210.1,241.0,253.1,0.886,100011
25,196.5,332.1,227.8,368.1,0.803,100012
25,582.6,379.4,630.8,404.2,0.886,100013
25,585.0,354.4,622.0,387.6,0.892,100014
25,589.7,413.5,627.4,439.7,0.811,100015
25,180.3,207.7,212.1,234.4,0.821,100016
25,181.0,232.6,220.7,255.5,0.839,100017
25,565.5,395.1,612.5,419.7,0.813,100018
25,192.5,61.7,235.8,94.5,0.912,200019
25,182.4,33.4,229.7,62.0,0.905,200020
25,355.0,147.8,388.8,180.6,0.91,200021
25,441.4,140.2,468.9,187.1,0.894,200022
25,219.1,177.3,257.5,203.1,0.895,200023
25,389.9,32.9,419.2,67.6,0.919,200024
25,364.0,52.9,395.4,87.0,0.914,200025
25,183.9,0.2,215.4,32.8,0.869,200026
25,334.0,104.7,362.5,144.2,0.911,200027
25,464.8,104.6,503.1,131.9,0.885,200028
25,586.9,13.6,617.5,61.6,0.902,200029
25,569.4,192.0,600.1,227.4,0.894,200030
25,597.5,176.8,625.4,208.0,0.874,200031
25,183.2,157.2,220.2,187.1,0.869,200032
25,484.0,18.6,505.7,67.2,0.857,200033
25,589.7,199.6,631.4,230.6,0.851,200034
25,230.3,0.1,270.7,21.9,0.849,200035
25,186.3,179.9,223.6,199.3,0.825,200036
25,205.7,0.1,236.9,28.6,0.891,200037
26,579.7,238.7,627.7,266.9,0.911,100001
26,193.3,357.1,242.8,384.5,0.878,100002
26,315.6,280.1,358.3,308.2,0.906,100003
26,417.7,360.6,447.3,394.0,0.91,100004
26,190.7,383.9,236.3,408.6,0.892,100005
26,556.9,413.4,594.6,442.0,0.89,100006
26,191.6,254.9,232.4,285.3,0.871,100007
26,303.0,312.4,350.8,340.3,0.906,100008
26,188.6,298.4,220.2,335.6,0.89,100009
26,199.9,293.8,241.8,319.9,0.853,100010
26,209.6,210.3,241.3,252.9,0.885,100011
26,196.4,335.0,227.7,368.4,0.811,100012
26,582.6,379.4,630.9,404.3,0.882,100013
26,585.1,354.4,622.0,387.7,0.891,100014
26,588.2,406.7,628.3,439.8,0.835,100015
26,180.7,207.6,212.2,234.3,0.8,100016
26,180.8,232.5,220.8,255.5,0.837,100017
26,565.6,395.0,611.3,418.7,0.834,100018
26,192.4,61.7,236.0,94.4,0.911,200019
26,182.2,34.0,229.6,62.1,0.909,200020
26,354.5,143.0,389.6,180.7,0.912,200021
26,441.6,138.8,469.0,186.6,0.885,200022
26,218.7,177.2,258.3,203.3,0.893,200023
26,390.3,33.1,419.2,68.2,0.915,200024
26,362.6,53.5,393.6,88.1,0.905,200025
26,183.5,0.1,215.4,32.8,0.881,200026
26,331.7,103.2,360.4,143.8,0.896,200027
26,463.7,104.9,503.1,132.1,0.887,200028
26,587.1,13.5,617.4,61.6,0.9,200029
26,569.3,192.2,600.1,227.4,0.898,200030
26,597.5,176.9,625.2,208.0,0.875,200031
26,183.5,157.3,220.0,188.0,0.878,200032
26,484.1,19.2,505.7,67.4,0.857,200033
26,590.0,199.8,631.5,230.5,0.847,200034
26,230.7,0.1,270.9,23.8,0.879,200035
26,185.2,179.8,223.1,199.7,0.82,200036
26,207.0,0.2,237.8,28.6,0.908,200037
27,579.6,238.7,627.9,266.9,0.911,100001
27,193.5,356.8,242.9,384.5,0.872,100002
27,315.5,280.0,358.7,308.3,0.906,100003
27,417.8,360.6,447.2,394.1,0.91,100004
27,190.7,383.8,236.3,408.8,0.891,100005
27,557.1,413.3,594.4,442.2,0.89,100006
27,191.7,254.8,232.4,285.3,0.877,100007
27,302.0,312.2,351.0,340.1,0.904,100008
27,188.7,298.4,220.4,335.5,0.887,100009
27,199.6,293.9,241.8,319.8,0.85,100010
27,209.7,210.0,241.2,253.0,0.881,100011
27,196.3,335.0,227.8,368.5,0.795,100012
27,582.6,379.4,630.9,404.3,0.882,100013
27,585.1,354.4,621.9,387.7,0.89,100014
27,589.2,405.7,628.2,439.4,0.854,100015
27,181.2,207.6,212.5,234.9,0.798,100016
27,181.7,232.8,220.4,255.5,0.838,100017
27,565.5,395.0,609.7,418.8,0.824,100018
27,192.4,61.6,235.9,94.5,0.907,200019
27,182.1,34.0,229.0,62.5,0.905,200020
27,353.2,142.4,388.1,179.2,0.909,200021
27,441.7,139.3,469.0,186.8,0.885,200022
27,218.4,177.3,257.8,203.1,0.896,200023
27,389.9,33.0,419.1,67.6,0.91,200024
27,362.0,54.8,393.0,88.6,0.905,200025
27,182.7,0.0,214.8,33.3,0.879,200026
27,331.7,103.2,360.5,143.6,0.896,200027
27,465.0,104.6,503.0,131.9,0.887,200028
27,586.8,13.6,617.4,61.7,0.899,200029
27,569.2,192.4,600.0,227.4,0.894,200030
27,597.5,176.7,625.5,208.1,0.874,200031
27,183.8,157.2,220.1,187.8,0.882,200032
27,484.3,19.5,505.6,67.4,0.855,200033
27,589.7,199.8,631.5,230.6,0.856,200034
27,230.5,0.1,270.6,23.4,0.896,200035
27,185.0,179.8,223.2,199.6,0.813,200036
27,206.0,0.1,237.9,28.4,0.904,200037
28,579.6,238.8,627.9,266.9,0.911,100001
28,193.5,356.8,242.9,384.5,0.874,100002
28,315.5,280.1,358.7,308.3,0.906,100003
28,417.8,360.6,447.2,394.1,0.91,100004
28,190.6,383.9,236.4,408.7,0.891,100005
28,557.1,413.3,594.4,442.2,0.89,100006
28,191.7,254.8,232.4,285.3,0.878,100007
28,302.0,312.2,351.0,340.0,0.904,100008
28,188.7,298.5,220.4,335.5,0.889,100009
28,199.8,293.9,241.8,319.8,0.85,100010
28,209.7,210.0,241.2,253.0,0.881,100011
28,196.3,334.9,227.9,368.5,0.795,100012
28,582.6,379.4,630.9,404.3,0.882,100013
28,585.1,354.4,621.9,387.6,0.89,100014
28,589.2,405.8,628.2,439.4,0.854,100015
28,181.2,207.6,212.5,234.9,0.798,100016
28,181.7,232.7,220.4,255.5,0.838,100017
28,565.5,395.0,609.6,418.8,0.824,100018
28,192.4,61.6,235.9,94.5,0.907,200019
28,182.1,34.0,229.0,62.5,0.906,200020
28,353.2,142.4,388.1,179.2,0.909,200021
28,441.7,139.3,469.0,186.9,0.885,200022
28,218.4,177.3,257.9,203.1,0.896,200023
28,389.9,33.0,419.1,67.7,0.91,200024
28,362.0,54.8,393.1,88.6,0.905,200025
28,182.7,0.1,214.7,33.3,0.878,200026
28,331.7,103.2,360.5,143.6,0.896,200027
28,465.0,104.6,503.0,131.9,0.887,200028
28,586.8,13.7,617.4,61.7,0.899,200029
28,569.3,192.3,600.1,227.4,0.894,200030
28,597.5,176.7,625.6,208.1,0.873,200031
28,183.8,157.2,220.1,187.8,0.882,200032
28,484.3,19.5,505.6,67.4,0.855,200033
28,589.6,199.7,631.5,230.6,0.858,200034
28,230.5,0.1,270.6,23.5,0.895,200035
28,185.0,179.8,223.1,199.5,0.813,200036
28,206.0,0.1,237.9,28.4,0.904,200037
29,579.6,238.6,627.6,266.9,0.91,100001
29,193.0,356.5,242.9,384.4,0.882,100002
29,315.5,280.0,358.1,308.1,0.907,100003
29,417.8,360.6,447.2,394.2,0.908,100004
29,190.7,383.8,236.2,408.6,0.893,100005
29,557.2,413.9,594.4,442.3,0.886,100006
29,191.7,254.7,232.4,285.2,0.878,100007
29,302.1,311.8,350.6,339.8,0.902,100008
29,188.2,297.8,220.5,335.5,0.897,100009
29,202.0,293.3,241.7,319.6,0.862,100010
29,210.1,209.8,240.7,253.1,0.879,100011
29,196.7,334.5,228.3,367.7,0.846,100012
29,582.7,379.4,630.9,404.2,0.884,100013
29,585.1,354.5,622.0,387.5,0.887,100014
29,589.7,406.7,628.1,439.8,0.857,100015
29,181.4,207.5,213.2,235.3,0.794,100016
29,180.5,232.8,220.4,255.4,0.84,100017
29,565.6,395.2,609.7,419.9,0.81,100018
29,192.5,61.5,235.9,94.5,0.908,200019
29,182.4,33.9,228.9,62.7,0.908,200020
29,354.8,143.1,390.6,181.2,0.909,200021
29,441.6,140.4,468.8,187.4,0.894,200022
29,219.0,177.2,258.1,203.1,0.894,200023
29,390.6,33.2,419.5,67.5,0.911,200024
29,362.1,54.4,393.3,88.9,0.906,200025
29,184.0,0.0,215.4,33.1,0.88,200026
29,331.9,104.2,361.2,143.8,0.903,200027
29,464.8,104.7,503.0,131.8,0.884,200028
29,586.9,13.6,617.4,61.7,0.897,200029
29,569.3,192.1,600.1,227.4,0.899,200030
29,597.6,176.8,625.7,208.0,0.87,200031
29,183.8,157.1,220.7,187.8,0.87,200032
29,483.9,19.8,505.5,67.5,0.853,200033
29,589.9,199.8,631.4,230.5,0.853,200034
29,230.9,0.2,270.8,23.6,0.884,200035
29,185.3,180.1,223.6,199.3,0.799,200036
29,207.1,0.2,237.5,28.6,0.897,200037
30,579.6,238.5,627.6,266.9,0.91,100001
30,192.9,356.5,242.8,384.4,0.884,100002
30,315.1,279.7,358.8,307.2,0.908,100003
30,417.8,360.6,447.2,394.2,0.91,100004
30,190.7,383.8,236.2,408.5,0.891,100005
30,557.2,413.8,594.4,442.2,0.889,100006
30,191.7,254.7,232.3,286.0,0.869,100007
30,301.7,311.8,349.5,340.5,0.905,100008
30,188.2,297.5,220.4,335.4,0.901,100009
30,201.9,293.1,241.9,319.8,0.856,100010
30,210.2,209.9,241.1,253.2,0.878,100011
30,197.1,334.3,228.2,367.9,0.866,100012
30,582.7,379.4,630.9,404.3,0.884,100013
30,584.9,354.4,621.9,387.5,0.889,100014
30,589.8,406.6,628.1,439.7,0.858,100015
30,181.1,207.6,213.0,235.7,0.804,100016
30,180.4,233.1,220.3,255.5,0.842,100017
30,565.3,395.1,607.0,420.7,0.821,100018
30,192.5,61.9,236.0,94.4,0.91,200019
30,180.0,34.0,229.6,64.2,0.903,200020
30,356.0,146.8,395.5,181.4,0.907,200021
30,441.5,141.3,468.6,187.4,0.899,200022
30,219.3,177.2,258.4,203.0,0.894,200023
30,391.2,33.1,420.4,68.0,0.906,200024
30,361.9,54.0,392.3,89.5,0.907,200025
30,184.1,0.0,215.5,32.9,0.889,200026
30,331.7,104.3,361.3,143.8,0.903,200027
30,465.0,104.6,503.1,131.9,0.887,200028
30,586.8,13.7,617.4,61.6,0.9,200029
30,569.3,192.1,600.0,227.5,0.898,200030
30,597.6,176.7,625.7,208.1,0.871,200031
30,183.9,157.1,220.7,187.6,0.868,200032
30,483.6,16.8,505.6,68.0,0.857,200033
30,589.9,199.8,631.4,230.7,0.86,200034
30,227.7,0.1,270.9,23.1,0.861,200035
30,185.7,180.1,223.6,199.4,0.807,200036
30,208.3,0.3,237.0,29.7,0.899,200037
31,579.7,238.5,627.6,266.9,0.91,100001
31,193.0,356.3,243.0,384.6,0.882,100002
31,315.1,279.1,358.5,307.5,0.908,100003
31,417.7,360.4,447.3,394.1,0.908,100004
31,192.9,383.8,236.2,408.8,0.892,100005
31,557.2,414.2,594.2,442.1,0.891,100006
31,191.7,254.7,232.3,286.2,0.871,100007
31,301.8,312.2,350.7,340.9,0.905,100008
31,188.1,297.6,220.6,335.3,0.9,100009
31,201.1,293.1,241.7,319.7,0.858,100010
31,210.3,209.6,241.1,253.2,0.882,100011
31,197.1,334.1,228.3,367.7,0.851,100012
31,582.7,379.5,631.0,404.3,0.877,100013
31,584.9,354.4,621.9,387.7,0.892,100014
31,589.8,406.6,628.3,439.8,0.856,100015
31,181.3,207.4,212.9,235.2,0.814,100016
31,180.5,232.9,220.6,255.4,0.842,100017
31,565.3,395.1,607.3,420.1,0.819,100018
31,191.7,62.8,235.5,93.2,0.909,200019
31,180.2,35.3,230.2,64.0,0.909,200020
31,357.1,146.9,396.2,181.3,0.908,200021
31,441.4,140.3,468.9,187.1,0.901,200022
31,219.2,177.2,259.5,203.1,0.892,200023
31,391.1,32.9,420.9,68.2,0.904,200024
31,361.9,54.3,391.8,90.0,0.904,200025
31,182.0,0.0,214.7,34.7,0.898,200026
31,332.3,104.4,361.2,143.6,0.904,200027
31,465.6,104.9,503.2,131.9,0.885,200028
31,586.8,13.7,617.3,61.6,0.898,200029
31,569.2,191.9,600.0,227.4,0.899,200030
31,597.6,176.7,625.7,208.1,0.869,200031
31,183.8,157.2,220.2,187.6,0.875,200032
31,483.6,16.5,505.6,68.3,0.858,200033
31,589.5,199.9,631.2,230.4,0.86,200034
31,231.1,0.0,271.1,23.5,0.885,200035
31,185.6,180.0,223.4,199.1,0.8,200036
31,206.3,0.1,238.0,32.5,0.912,200037
32,579.8,238.5,628.0,266.8,0.91,100001
32,193.2,356.1,243.0,384.4,0.895,100002
32,315.8,279.0,358.6,307.6,0.905,100003
32,417.9,360.5,447.3,394.2,0.91,100004
32,191.4,383.9,236.2,409.0,0.895,100005
32,557.3,414.2,594.4,441.9,0.891,100006
32,191.7,254.8,232.3,286.1,0.871,100007
32,301.7,312.4,351.2,341.0,0.908,100008
32,188.3,297.5,220.8,335.3,0.901,100009
32,201.4,293.1,241.8,319.7,0.854,100010
32,210.6,209.4,241.2,253.0,0.881,100011
32,197.1,334.0,228.4,367.3,0.87,100012
32,582.6,379.5,630.9,404.3,0.882,100013
32,585.0,354.5,621.8,387.5,0.892,100014
32,589.7,406.6,628.1,439.5,0.854,100015
32,181.5,207.4,213.1,235.4,0.826,100016
32,180.7,232.9,220.6,255.5,0.846,100017
32,565.4,395.1,607.2,420.1,0.833,100018
32,192.1,64.0,236.4,94.8,0.915,200019
32,181.0,35.4,229.9,64.5,0.912,200020
32,357.4,147.9,397.9,180.7,0.912,200021
32,441.7,142.2,468.8,187.2,0.9,200022
32,219.0,177.1,258.9,203.1,0.898,200023
32,391.1,33.3,420.9,68.6,0.9,200024
32,361.5,54.3,390.2,90.5,0.901,200025
32,183.2,0.0,215.2,34.7,0.895,200026
32,332.5,104.3,361.1,144.4,0.904,200027
32,465.4,104.7,503.2,132.0,0.885,200028
32,586.7,13.7,617.3,61.9,0.898,200029
32,569.1,192.3,600.1,227.5,0.902,200030
32,597.6,176.7,625.5,208.1,0.876,200031
32,183.8,157.1,220.7,187.8,0.873,200032
32,483.5,16.7,505.6,68.3,0.858,200033
32,589.3,199.9,631.1,230.3,0.858,200034
32,231.1,0.0,270.8,23.5,0.883,200035
32,185.4,180.1,222.9,199.4,0.794,200036
32,206.3,0.0,238.1,32.6,0.907,200037
33,579.8,238.4,628.0,266.8,0.911,100001
33,196.7,356.0,242.8,384.4,0.902,100002
33,315.9,278.9,358.4,307.8,0.906,100003
33,417.9,360.5,447.3,394.2,0.91,100004
33,191.5,383.7,235.9,408.9,0.9,100005
33,556.9,413.6,594.4,441.9,0.891,100006
33,192.1,254.2,232.4,285.7,0.873,100007
33,301.6,313.1,350.8,341.8,0.914,100008
33,188.3,297.4,220.6,335.3,0.901,100009
33,201.6,293.2,241.7,319.6,0.852,100010
33,211.0,209.5,240.0,253.0,0.867,100011
33,197.6,334.0,228.5,366.9,0.885,100012
33,582.5,379.5,631.0,404.3,0.883,100013
33,585.2,354.5,622.5,387.9,0.886,100014
33,589.4,407.2,628.2,439.6,0.856,100015
33,181.4,207.3,213.9,235.5,0.841,100016
33,181.0,233.0,220.3,255.5,0.849,100017
33,565.5,395.2,607.8,419.5,0.829,100018
33,191.2,62.6,235.5,93.3,0.907,200019
33,180.9,34.8,229.7,63.8,0.903,200020
33,357.5,148.5,398.1,181.0,0.915,200021
33,441.7,140.8,468.6,187.3,0.902,200022
33,219.9,176.9,256.8,203.2,0.887,200023
33,390.9,33.0,420.6,68.6,0.902,200024
33,361.8,54.6,390.1,90.8,0.9,200025
33,183.6,0.0,215.2,34.4,0.887,200026
33,332.7,104.6,361.0,144.2,0.906,200027
33,465.1,104.7,503.2,132.1,0.881,200028
33,586.8,13.6,617.3,61.8,0.891,200029
33,569.1,192.3,600.0,227.8,0.904,200030
33,597.6,176.6,625.9,208.3,0.876,200031
33,183.6,157.2,220.6,188.5,0.854,200032
33,483.6,16.6,505.5,68.3,0.857,200033
33,589.5,201.1,631.5,230.2,0.836,200034
33,230.6,0.0,271.0,23.3,0.895,200035
33,183.1,180.2,226.0,199.4,0.81,200036
33,206.4,0.0,237.5,32.6,0.912,200037
34,579.8,238.4,628.0,266.7,0.913,100001
34,196.8,355.6,242.9,384.2,0.903,100002
34,315.6,278.6,358.6,307.9,0.907,100003
34,417.9,360.4,447.3,394.1,0.909,100004
34,191.5,383.6,235.5,408.7,0.9,100005
34,557.3,413.7,594.5,441.9,0.888,100006
34,192.0,253.8,232.4,284.9,0.875,100007
34,301.8,312.7,351.4,342.6,0.907,100008
34,188.2,297.3,220.5,335.2,0.902,100009
34,201.9,293.1,241.7,319.6,0.851,100010
34,211.4,209.6,240.3,252.9,0.864,100011
34,197.6,333.7,228.5,367.0,0.88,100012
34,582.6,379.5,630.9,404.1,0.882,100013
34,585.1,354.5,622.3,387.7,0.893,100014
34,589.9,406.4,628.9,439.8,0.849,100015
34,181.8,207.4,213.8,235.3,0.824,100016
34,180.7,233.1,220.4,255.2,0.846,100017
34,565.4,395.2,607.6,419.5,0.831,100018
34,183.1,59.2,236.5,88.3,0.894,200019
34,180.5,34.5,229.5,62.6,0.893,200020
34,357.3,148.5,397.2,180.8,0.916,200021
34,441.0,141.3,468.2,187.4,0.895,200022
34,219.6,174.5,256.8,203.1,0.883,200023
34,390.7,34.1,421.1,68.5,0.896,200024
34,362.3,53.8,391.1,90.9,0.899,200025
34,183.8,0.0,215.4,34.3,0.89,200026
34,332.9,104.6,361.0,144.1,0.907,200027
34,464.7,104.5,503.1,132.1,0.872,200028
34,586.8,13.6,617.4,61.8,0.893,200029
34,569.2,192.3,600.1,228.0,0.902,200030
34,597.7,176.7,625.1,208.3,0.88,200031
34,183.2,157.7,220.3,188.8,0.859,200032
34,483.5,17.2,505.4,68.4,0.855,200033
34,590.5,201.2,633.3,230.4,0.84,200034
34,229.3,0.0,270.9,23.3,0.88,200035
34,183.5,180.5,226.4,198.6,0.771,200036
34,206.1,0.1,237.9,31.4,0.91,200037
35,579.8,238.4,628.1,266.8,0.915,100001
35,198.1,355.5,242.9,384.3,0.902,100002
35,315.5,278.6,358.5,307.7,0.906,100003
35,417.8,360.3,447.2,394.1,0.907,100004
35,191.5,383.4,235.7,408.7,0.9,100005
35,557.3,413.9,594.3,441.9,0.886,100006
35,191.8,253.8,232.3,285.0,0.874,100007
35,302.3,312.5,351.0,342.6,0.905,100008
35,188.2,297.3,220.8,334.9,0.904,100009
35,202.0,292.8,241.7,319.6,0.844,100010
35,211.7,210.0,241.2,252.9,0.876,100011
35,197.7,333.6,228.6,367.4,0.873,100012
35,582.7,379.6,631.0,404.0,0.881,100013
35,585.0,354.5,622.3,387.7,0.892,100014
35,590.1,406.3,628.6,439.7,0.847,100015
35,181.8,207.3,214.2,234.9,0.83,100016
35,181.0,232.8,220.5,255.2,0.847,100017
35,565.4,395.2,608.3,419.5,0.842,100018
35,182.0,61.7,237.1,89.7,0.906,200019
35,180.5,34.6,229.1,62.8,0.897,200020
35,356.3,148.4,397.9,180.3,0.913,200021
35,441.1,141.4,468.2,187.6,0.893,200022
35,221.0,173.5,257.4,203.0,0.893,200023
35,391.1,34.1,421.4,68.6,0.896,200024
35,362.4,53.4,390.8,90.6,0.9,200025
35,183.5,0.0,215.6,34.3,0.894,200026
35,333.7,104.1,361.6,143.7,0.907,200027
35,457.7,104.3,503.2,131.9,0.9,200028
35,586.8,13.8,617.3,61.7,0.901,200029
35,569.3,192.2,600.1,228.1,0.901,200030
35,597.6,176.9,625.2,208.3,0.877,200031
35,182.9,157.5,220.8,190.6,0.859,200032
35,483.9,17.7,505.5,68.5,0.852,200033
35,590.6,201.1,633.4,230.5,0.834,200034
35,229.7,0.0,271.2,23.3,0.886,200035
35,184.3,180.0,227.0,198.6,0.791,200036
35,206.0,0.0,237.9,31.3,0.91,200037
36,579.9,238.4,628.0,266.6,0.916,100001
36,198.5,355.3,243.2,384.2,0.903,100002
36,315.3,278.6,358.6,307.9,0.908,100003
36,417.8,360.5,447.3,393.8,0.902,100004
36,191.8,383.5,235.5,409.1,0.898,100005
36,557.2,413.6,594.4,441.8,0.89,100006
36,191.5,253.2,232.1,284.7,0.858,100007
36,301.7,312.6,351.7,343.7,0.907,100008
36,187.9,297.2,221.3,335.0,0.899,100009
36,201.5,292.8,241.7,319.5,0.85,100010
36,211.8,209.8,241.3,252.6,0.882,100011
36,197.8,333.5,228.4,367.8,0.88,100012
36,582.9,379.7,630.9,404.1,0.884,100013
36,584.8,354.5,622.2,387.5,0.886,100014
36,588.9,407.3,628.4,440.0,0.844,100015
36,181.5,207.6,213.9,234.6,0.851,100016
36,182.2,232.8,220.5,255.3,0.842,100017
36,565.4,395.3,605.2,419.6,0.833,100018
36,183.5,65.8,238.3,92.7,0.916,200019
36,180.3,34.9,228.3,63.4,0.912,200020
36,355.8,148.6,398.8,179.7,0.915,200021
36,439.0,144.1,468.8,187.0,0.887,200022
36,220.8,173.8,256.3,203.1,0.897,200023
36,391.0,33.7,421.4,68.8,0.897,200024
36,362.8,53.2,390.4,90.6,0.894,200025
36,183.9,0.0,215.6,34.1,0.902,200026
36,333.7,103.7,361.6,143.7,0.907,200027
36,457.8,104.1,503.1,131.8,0.908,200028
36,586.7,13.7,617.3,61.6,0.9,200029
36,569.3,192.4,600.2,228.0,0.905,200030
36,597.8,177.0,624.9,208.1,0.887,200031
36,183.2,157.3,221.0,188.6,0.837,200032
36,484.1,18.8,505.7,68.4,0.864,200033
36,591.4,201.2,633.5,230.5,0.853,200034
36,228.6,0.0,271.5,23.4,0.874,200035
36,185.0,179.7,227.0,197.6,0.755,200036
36,206.2,0.0,237.7,33.2,0.907,200037
37,579.9,238.4,628.0,266.7,0.916,100001
37,199.6,355.3,243.0,384.1,0.903,100002
37,315.7,278.7,359.3,307.7,0.905,100003
37,417.8,360.5,447.3,394.0,0.902,100004
37,192.7,383.5,235.8,409.0,0.896,100005
37,557.1,413.6,594.3,441.7,0.89,100006
37,191.5,253.8,232.3,284.8,0.863,100007
37,301.7,312.3,350.8,343.1,0.91,100008
37,188.0,297.0,220.7,335.3,0.896,100009
37,200.6,293.1,241.8,319.5,0.86,100010
37,211.8,210.0,241.4,252.9,0.881,100011
37,197.7,333.4,228.3,368.6,0.891,100012
37,582.8,379.6,630.9,404.3,0.885,100013
37,584.9,354.5,622.2,387.5,0.887,100014
37,590.0,406.9,628.1,440.1,0.842,100015
37,181.2,207.4,213.8,234.6,0.855,100016
37,182.3,232.8,220.4,255.3,0.844,100017
37,565.6,395.4,607.6,419.4,0.805,100018
37,186.9,62.0,237.6,90.9,0.913,200019
37,181.0,34.6,228.7,63.8,0.894,200020
37,355.7,147.9,397.8,179.2,0.911,200021
37,441.3,141.5,469.3,186.8,0.899,200022
37,220.7,174.4,256.3,203.2,0.891,200023
37,390.9,33.6,421.3,68.8,0.898,200024
37,363.0,52.7,390.3,90.5,0.894,200025
37,183.4,0.3,215.7,34.1,0.899,200026
37,333.9,103.7,361.8,143.4,0.908,200027
37,457.4,104.0,503.3,131.9,0.906,200028
37,586.8,13.6,617.2,61.9,0.902,200029
37,569.3,192.5,600.2,228.0,0.904,200030
37,597.8,176.9,625.2,208.1,0.886,200031
37,183.3,157.3,220.9,188.8,0.837,200032
37,483.5,18.6,505.7,68.4,0.864,200033
37,590.1,201.4,633.5,230.3,0.839,200034
37,226.8,0.1,272.7,23.3,0.854,200035
37,184.2,180.1,226.3,198.0,0.75,200036
37,205.9,0.0,237.9,33.5,0.9,200037
37,587.9,228.7,632.6,241.0,0.364,200038
38,579.9,238.3,628.0,266.6,0.915,100001
38,198.6,355.3,243.4,383.8,0.902,100002
38,315.9,278.1,357.7,308.6,0.905,100003
38,417.9,360.4,447.3,393.9,0.904,100004
38,192.9,383.6,236.1,409.0,0.896,100005
38,557.3,413.6,594.7,441.9,0.89,100006
38,191.6,253.7,232.3,284.6,0.866,100007
38,301.6,312.3,350.0,343.0,0.909,100008
38,188.0,296.9,220.6,335.1,0.897,100009
38,200.3,293.1,241.7,319.6,0.854,100010
38,212.3,210.0,241.6,253.1,0.877,100011
38,197.8,333.6,229.0,367.2,0.878,100012
38,582.7,379.7,631.0,404.4,0.885,100013
38,585.0,354.6,622.2,387.4,0.888,100014
38,588.7,407.0,628.1,440.6,0.842,100015
38,181.3,207.4,214.7,234.6,0.859,100016
38,181.8,232.9,220.2,255.3,0.85,100017
38,565.5,395.3,605.6,420.0,0.824,100018
38,187.2,61.3,236.6,91.0,0.912,200019
38,181.2,34.6,228.7,63.7,0.895,200020
38,355.1,147.9,397.9,179.2,0.913,200021
38,441.5,141.6,469.3,187.7,0.9,200022
38,219.5,176.8,256.3,203.3,0.901,200023
38,391.2,33.7,421.3,68.6,0.897,200024
38,363.4,52.7,390.3,90.5,0.895,200025
38,183.0,0.5,215.8,34.4,0.893,200026
38,335.0,104.0,362.2,143.5,0.9,200027
38,457.0,103.9,503.2,132.3,0.904,200028
38,586.7,13.8,617.3,61.7,0.901,200029
38,569.3,192.2,600.2,228.0,0.903,200030
38,597.7,176.8,628.2,211.6,0.815,200031
38,183.5,157.3,220.4,188.1,0.846,200032
38,483.4,18.5,505.7,68.5,0.863,200033
38,589.5,207.6,630.9,230.2,0.811,200034
38,229.7,0.2,273.3,23.0,0.862,200035
38,184.6,180.1,224.9,197.6,0.741,200036
38,205.8,0.0,238.0,33.6,0.896,200037
38,589.5,229.6,630.9,240.9,0.46,200038
39,580.0,238.3,628.0,266.6,0.914,100001
39,198.1,355.5,243.3,384.0,0.899,100002
39,316.0,278.1,356.2,309.4,0.918,100003
39,417.8,360.3,447.3,394.0,0.903,100004
39,194.2,383.0,236.4,409.5,0.891,100005
39,557.2,413.6,594.8,441.9,0.89,100006
39,191.5,253.3,232.2,284.2,0.87,100007
39,301.9,312.3,350.0,341.9,0.913,100008
39,188.0,296.8,220.9,335.1,0.895,100009
39,200.5,292.9,241.9,319.5,0.845,100010
39,212.2,209.7,241.4,253.0,0.876,100011
39,197.7,333.7,229.0,367.1,0.875,100012
39,582.7,379.7,630.9,404.3,0.885,100013
39,585.0,354.6,622.2,387.2,0.888,100014
39,588.3,408.2,628.1,440.7,0.839,100015
39,181.3,207.3,214.5,234.5,0.86,100016
39,181.4,232.9,220.4,255.2,0.847,100017
39,565.4,395.2,606.1,420.0,0.825,100018
39,188.0,62.8,236.8,92.0,0.919,200019
39,181.2,34.9,228.7,64.1,0.897,200020
39,355.5,147.3,398.3,179.2,0.91,200021
39,439.6,143.9,469.4,187.9,0.889,200022
39,220.1,176.8,257.1,203.5,0.902,200023
39,391.3,34.2,421.6,68.9,0.892,200024
39,363.6,52.6,390.7,90.4,0.896,200025
39,183.8,0.3,215.8,34.5,0.896,200026
39,335.5,103.9,361.9,143.9,0.893,200027
39,456.7,103.5,503.2,132.1,0.905,200028
39,586.8,13.9,617.3,61.6,0.899,200029
39,569.4,192.1,600.1,228.0,0.905,200030
39,597.8,177.0,628.4,210.7,0.84,200031
39,183.7,157.3,220.6,188.1,0.839,200032
39,483.5,18.5,505.7,68.7,0.862,200033
39,590.3,208.0,631.3,230.0,0.825,200034
39,230.9,0.2,273.3,23.0,0.869,200035
39,184.1,180.4,224.3,198.6,0.779,200036
39,206.0,0.0,237.9,33.7,0.901,200037
39,589.3,229.6,632.4,241.0,0.453,200038
40,579.8,238.3,627.9,266.6,0.914,100001
40,197.7,355.6,243.4,383.9,0.898,100002
40,315.2,277.9,356.5,309.3,0.918,100003
40,417.8,360.3,447.2,394.0,0.904,100004
40,194.8,382.0,236.5,409.6,0.892,100005
40,557.2,413.6,594.7,441.8,0.891,100006
40,191.2,252.9,232.2,284.2,0.86,100007
40,302.0,312.2,349.7,341.7,0.914,100008
40,188.0,296.8,221.0,335.1,0.897,100009
40,200.8,292.5,241.9,319.6,0.844,100010
40,211.9,209.8,241.3,252.7,0.875,100011
40,197.7,333.8,229.0,367.0,0.872,100012
40,582.7,379.8,631.0,404.2,0.886,100013
40,584.8,354.6,622.1,387.3,0.888,100014
40,589.3,408.3,627.1,439.9,0.839,100015
40,181.1,207.4,214.1,234.4,0.854,100016
40,181.5,232.9,220.3,255.2,0.842,100017
40,565.5,395.3,607.6,419.9,0.823,100018
40,189.3,63.3,236.7,92.6,0.922,200019
40,182.0,35.1,228.6,63.6,0.903,200020
40,355.3,147.6,398.2,179.3,0.912,200021
40,440.9,141.8,469.3,188.1,0.897,200022
40,220.6,176.7,258.2,203.5,0.901,200023
40,391.6,33.7,421.7,68.7,0.893,200024
40,363.5,52.6,390.8,90.4,0.898,200025
40,183.8,0.4,215.8,34.1,0.898,200026
40,335.4,103.3,361.9,144.1,0.895,200027
40,456.8,103.2,503.2,131.7,0.902,200028
40,586.7,13.9,617.2,61.6,0.899,200029
40,569.3,192.1,600.1,228.0,0.905,200030
40,597.7,177.0,629.8,210.6,0.847,200031
40,183.8,157.2,220.8,187.0,0.825,200032
40,483.7,18.7,505.7,68.7,0.862,200033
40,590.9,208.1,631.6,230.1,0.833,200034
40,231.1,0.1,274.7,23.0,0.875,200035
40,185.0,180.2,224.9,198.3,0.782,200036
40,206.2,0.0,238.0,33.7,0.903,200037
40,589.1,229.7,632.8,241.1,0.481,200038
41,579.7,238.3,627.9,266.8,0.914,100001
41,197.7,355.4,243.3,383.7,0.886,100002
41,315.1,277.9,358.1,307.7,0.905,100003
41,417.7,360.4,447.3,394.1,0.904,100004
41,196.3,379.7,236.5,409.5,0.904,100005
41,557.0,413.7,594.6,441.8,0.891,100006
41,191.3,252.7,232.1,284.2,0.852,100007
41,301.8,312.5,349.4,342.2,0.908,100008
41,188.1,296.7,220.9,335.1,0.891,100009
41,200.8,292.5,241.9,319.6,0.846,100010
41,211.8,209.9,241.4,252.8,0.871,100011
41,197.7,333.8,229.0,366.6,0.859,100012
41,582.8,379.8,630.9,404.2,0.884,100013
41,584.8,354.6,622.2,387.4,0.888,100014
41,589.5,408.6,627.1,439.9,0.837,100015
41,180.8,207.4,213.9,234.9,0.85,100016
41,181.4,233.0,220.5,255.3,0.841,100017
41,565.5,395.5,608.9,419.8,0.821,100018
41,190.6,64.0,237.1,92.9,0.92,200019
41,181.6,35.0,228.5,63.5,0.911,200020
41,355.6,147.4,398.1,179.0,0.911,200021
41,441.0,141.9,469.5,187.9,0.89,200022
41,220.5,176.6,258.5,203.7,0.898,200023
41,391.3,33.2,421.6,68.9,0.895,200024
41,363.8,52.5,390.6,90.3,0.899,200025
41,183.8,0.4,215.8,34.1,0.901,200026
41,335.4,102.2,362.1,143.6,0.894,200027
41,455.3,102.8,503.0,130.9,0.904,200028
41,586.8,13.8,617.2,61.7,0.897,200029
41,569.3,192.1,600.1,228.0,0.904,200030
41,597.8,177.0,630.1,210.8,0.849,200031
41,184.1,157.2,220.9,187.8,0.83,200032
41,484.0,21.5,505.6,68.6,0.87,200033
41,590.4,208.0,631.8,230.0,0.813,200034
41,230.0,0.2,275.5,23.0,0.875,200035
41,185.1,180.1,224.7,198.6,0.745,200036
41,206.0,0.0,237.9,33.2,0.906,200037
41,588.2,229.5,633.0,241.2,0.447,200038
42,579.7,238.3,627.9,266.7,0.916,100001
42,197.8,355.3,243.2,383.8,0.885,100002
42,315.3,278.2,357.8,308.1,0.908,100003
42,417.8,360.3,447.3,394.2,0.903,100004
42,197.5,379.1,236.4,409.4,0.898,100005
42,557.2,413.6,594.4,441.8,0.893,100006
42,191.3,252.1,232.1,284.2,0.836,100007
42,301.9,312.4,349.1,341.7,0.911,100008
42,188.1,296.6,220.6,335.2,0.892,100009
42,200.6,292.6,241.6,319.5,0.849,100010
42,212.3,209.8,241.6,253.1,0.872,100011
42,197.8,333.1,228.9,366.8,0.858,100012
42,582.7,379.9,630.9,404.2,0.881,100013
42,584.8,354.6,622.2,387.2,0.889,100014
42,588.6,409.2,627.2,440.0,0.834,100015
42,181.2,207.3,214.5,235.4,0.845,100016
42,181.6,233.0,220.5,255.4,0.842,100017
42,565.6,395.4,609.9,419.9,0.826,100018
42,190.2,64.7,237.1,95.4,0.92,200019
42,181.7,35.0,228.5,63.5,0.913,200020
42,355.1,147.6,397.5,179.0,0.911,200021
42,440.3,143.4,469.3,188.1,0.887,200022
42,219.7,176.6,258.4,203.5,0.901,200023
42,391.6,33.8,421.5,68.8,0.893,200024
42,363.9,52.6,390.4,90.4,0.895,200025
42,183.7,0.3,215.8,34.3,0.895,200026
42,335.5,102.2,362.2,143.2,0.895,200027
42,455.7,103.0,503.0,130.9,0.904,200028
42,586.9,13.8,617.1,61.7,0.896,200029
42,569.2,192.1,600.0,228.1,0.905,200030
42,597.7,177.0,630.4,210.7,0.85,200031
42,183.6,157.2,220.9,187.1,0.823,200032
42,483.3,19.1,505.7,67.8,0.864,200033
42,591.3,208.2,632.3,230.1,0.817,200034
42,229.5,0.3,275.8,22.9,0.863,200035
42,183.8,180.7,221.1,199.2,0.74,200036
42,206.0,0.0,238.0,33.2,0.903,200037
42,589.1,229.6,633.2,241.1,0.442,200038
43,579.7,238.3,627.9,266.7,0.916,100001
43,197.8,355.3,243.2,383.8,0.885,100002
43,315.3,278.3,357.8,308.1,0.908,100003
43,417.8,360.3,447.3,394.2,0.903,100004
43,197.5,379.1,236.4,409.4,0.898,100005
43,557.2,413.6,594.4,441.8,0.892,100006
43,191.3,252.1,232.2,284.2,0.836,100007
43,301.9,312.4,349.1,341.8,0.911,100008
43,188.1,296.6,220.6,335.2,0.892,100009
43,200.5,292.6,241.6,319.5,0.847,100010
43,212.3,209.8,241.6,253.1,0.872,100011
43,197.8,333.1,228.9,366.8,0.859,100012
43,582.7,379.9,630.9,404.2,0.882,100013
43,584.8,354.6,622.2,387.2,0.889,100014
43,588.5,409.2,627.2,440.0,0.837,100015
43,181.2,207.3,214.5,235.5,0.845,100016
43,181.7,233.1,220.5,255.4,0.842,100017
43,565.6,395.4,609.8,419.9,0.829,100018
43,190.2,64.8,237.1,95.5,0.92,200019
43,181.6,35.0,228.5,63.5,0.913,200020
43,355.2,147.6,397.5,179.0,0.911,200021
43,440.3,143.4,469.3,188.0,0.887,200022
43,219.7,176.6,258.4,203.5,0.901,200023
43,391.6,33.8,421.5,68.8,0.893,200024
43,363.9,52.6,390.4,90.4,0.896,200025
43,183.7,0.4,215.8,34.2,0.895,200026
43,335.6,102.2,362.2,143.1,0.895,200027
43,455.7,103.0,503.0,130.9,0.904,200028
43,586.8,13.8,617.2,61.8,0.897,200029
43,569.2,192.1,600.0,228.1,0.905,200030
43,597.7,177.0,630.4,210.7,0.85,200031
43,183.6,157.2,220.9,187.0,0.822,200032
43,483.3,19.1,505.7,67.8,0.865,200033
43,591.3,208.2,632.3,230.1,0.817,200034
43,229.8,0.3,276.0,22.9,0.864,200035
43,183.9,180.7,221.0,199.2,0.747,200036
43,206.0,0.0,238.0,33.2,0.903,200037
43,589.1,229.6,633.2,241.1,0.43,200038
44,579.8,238.3,628.0,266.8,0.915,100001
44,197.3,355.1,243.2,383.7,0.889,100002
44,315.1,278.2,357.9,308.1,0.909,100003
44,417.8,360.1,447.2,394.0,0.903,100004
44,197.5,380.1,236.5,409.4,0.893,100005
44,557.3,413.5,594.3,441.8,0.888,100006
44,191.4,253.5,232.2,284.0,0.855,100007
44,302.0,312.5,350.0,341.4,0.91,100008
44,188.1,296.6,220.4,335.0,0.899,100009
44,200.6,292.7,241.7,319.6,0.85,100010
44,212.5,209.9,241.6,253.0,0.862,100011
44,197.6,332.8,228.6,366.6,0.893,100012
44,582.7,379.9,630.9,404.4,0.883,100013
44,585.0,354.6,622.4,387.4,0.889,100014
44,589.2,410.0,627.2,440.1,0.845,100015
44,181.5,207.4,214.8,235.4,0.857,100016
44,181.9,233.1,220.4,255.1,0.837,100017
44,565.6,395.2,610.3,420.8,0.843,100018
44,190.0,65.8,237.3,96.3,0.921,200019
44,181.3,34.9,228.6,63.7,0.915,200020
44,355.0,147.9,398.3,179.3,0.912,200021
44,440.7,142.5,469.1,188.4,0.894,200022
44,219.5,176.6,258.5,203.4,0.899,200023
44,391.3,34.2,421.7,68.6,0.893,200024
44,363.5,52.5,390.7,90.3,0.901,200025
44,183.9,0.0,215.9,34.2,0.896,200026
44,335.8,102.9,362.5,143.0,0.897,200027
44,455.0,103.0,502.9,131.0,0.903,200028
44,586.8,13.8,617.2,61.8,0.897,200029
44,569.4,192.0,600.1,228.1,0.908,200030
44,598.0,176.8,631.1,212.3,0.853,200031
44,183.3,157.2,220.4,189.3,0.855,200032
44,483.6,9.5,505.4,67.4,0.856,200033
44,589.9,208.5,632.7,230.1,0.799,200034
44,229.6,0.3,279.6,23.0,0.88,200035
44,184.3,180.2,222.0,199.0,0.753,200036
44,206.0,0.0,238.0,32.9,0.906,200037
44,589.0,229.1,633.8,241.0,0.311,200038
45,579.8,238.3,628.0,266.8,0.915,100001
45,197.3,355.1,243.2,383.7,0.889,100002
45,315.1,278.2,357.9,308.1,0.908,100003
45,417.8,360.1,447.2,394.0,0.903,100004
45,197.5,380.1,236.5,409.4,0.893,100005
45,557.3,413.5,594.3,441.8,0.887,100006
45,191.3,253.4,232.2,284.0,0.854,100007
45,302.1,312.4,350.0,341.5,0.911,100008
45,188.0,296.6,220.4,334.9,0.9,100009
45,200.7,292.7,241.7,319.6,0.849,100010
45,212.5,209.9,241.6,253.0,0.863,100011
45,197.6,332.8,228.6,366.6,0.894,100012
45,582.7,379.9,630.9,404.4,0.883,100013
45,585.0,354.6,622.4,387.4,0.889,100014
45,589.3,410.3,627.2,440.1,0.847,100015
45,181.5,207.4,214.8,235.4,0.857,100016
45,181.9,233.1,220.4,255.1,0.837,100017
45,565.6,395.3,610.3,420.9,0.846,100018
45,190.0,65.8,237.3,96.3,0.921,200019
45,181.3,34.9,228.6,63.7,0.915,200020
45,355.0,147.9,398.3,179.3,0.912,200021
45,440.8,142.5,469.1,188.4,0.894,200022
45,219.5,176.6,258.5,203.4,0.9,200023
45,391.3,34.2,421.7,68.6,0.893,200024
45,363.5,52.5,390.6,90.3,0.901,200025
45,183.9,0.0,215.9,34.2,0.896,200026
45,335.8,102.9,362.5,143.0,0.897,200027
45,455.0,103.0,502.9,131.0,0.903,200028
45,586.8,13.8,617.2,61.8,0.897,200029
45,569.4,192.0,600.1,228.1,0.909,200030
45,598.0,176.8,631.1,212.4,0.853,200031
45,183.3,157.2,220.3,189.4,0.855,200032
45,483.6,9.5,505.4,67.4,0.857,200033
45,590.4,208.5,632.7,230.1,0.797,200034
45,229.7,0.3,279.7,23.0,0.88,200035
45,184.3,180.2,222.1,199.0,0.751,200036
45,205.9,0.0,238.0,32.9,0.906,200037
45,589.1,229.0,633.8,241.0,0.321,200038
46,579.8,238.3,627.9,266.8,0.915,100001
46,197.3,355.0,243.5,383.5,0.892,100002
46,315.5,278.4,358.0,308.4,0.909,100003
46,417.7,360.2,447.2,394.2,0.903,100004
46,197.5,380.5,236.6,409.5,0.887,100005
46,557.2,413.6,594.1,441.7,0.887,100006
46,192.2,253.9,232.2,284.3,0.882,100007
46,302.1,312.7,350.2,341.5,0.912,100008
46,188.0,296.6,220.7,334.9,0.9,100009
46,201.2,292.7,241.6,319.5,0.842,100010
46,212.4,209.9,241.5,252.6,0.859,100011
46,197.3,332.8,228.6,366.7,0.893,100012
46,582.8,379.8,631.0,404.6,0.883,100013
46,585.0,354.6,622.4,387.4,0.888,100014
46,588.7,409.8,627.3,440.2,0.842,100015
46,181.5,207.3,214.8,235.0,0.862,100016
46,181.6,232.4,220.5,254.6,0.844,100017
46,565.5,395.2,609.9,420.9,0.832,100018
46,189.5,66.4,237.3,96.8,0.92,200019
46,181.1,35.1,228.4,64.0,0.918,200020
46,354.7,147.9,397.4,179.3,0.914,200021
46,441.1,142.5,469.4,188.7,0.898,200022
46,220.2,176.5,259.0,203.4,0.899,200023
46,391.7,33.2,421.7,68.9,0.895,200024
46,364.0,52.4,390.4,90.3,0.901,200025
46,184.0,0.0,216.0,34.4,0.898,200026
46,335.9,104.3,362.4,143.6,0.894,200027
46,454.8,103.4,502.9,131.0,0.903,200028
46,586.8,13.8,617.3,61.6,0.895,200029
46,569.5,192.2,600.1,228.1,0.908,200030
46,597.9,176.9,631.0,212.4,0.857,200031
46,183.5,157.2,220.9,189.7,0.857,200032
46,483.7,11.9,505.8,68.2,0.879,200033
46,590.9,208.6,632.8,230.2,0.801,200034
46,229.0,0.3,279.7,22.9,0.876,200035
46,184.5,180.3,224.7,198.9,0.76,200036
46,206.0,0.0,237.9,32.9,0.902,200037
47,579.8,238.3,627.9,266.8,0.915,100001
47,197.3,355.0,243.5,383.5,0.893,100002
47,315.5,278.4,358.0,308.6,0.909,100003
47,417.7,360.2,447.2,394.2,0.902,100004
47,197.5,380.5,236.6,409.5,0.886,100005
47,557.2,413.6,594.1,441.7,0.887,100006
47,192.2,253.9,232.1,284.2,0.882,100007
47,302.1,312.7,350.2,341.5,0.913,100008
47,188.0,296.6,220.7,334.9,0.9,100009
47,201.2,292.7,241.6,319.5,0.841,100010
47,212.4,209.9,241.5,252.5,0.86,100011
47,197.3,332.8,228.6,366.7,0.894,100012
47,582.8,379.8,631.0,404.6,0.882,100013
47,585.0,354.6,622.4,387.4,0.888,100014
47,588.7,409.7,627.3,440.2,0.841,100015
47,181.5,207.4,214.8,235.0,0.861,100016
47,181.6,232.4,220.5,254.6,0.844,100017
47,565.5,395.2,610.0,420.9,0.83,100018
47,189.5,66.4,237.3,96.8,0.92,200019
47,181.1,35.1,228.4,64.0,0.918,200020
47,354.7,147.9,397.4,179.3,0.914,200021
47,441.1,142.5,469.4,188.7,0.898,200022
47,220.2,176.5,259.0,203.4,0.898,200023
47,391.7,33.2,421.8,68.9,0.896,200024
47,364.0,52.4,390.4,90.3,0.901,200025
47,183.9,0.0,216.0,34.4,0.897,200026
47,335.9,104.4,362.4,143.6,0.894,200027
47,454.8,103.4,502.9,131.0,0.903,200028
47,586.8,13.8,617.3,61.6,0.894,200029
47,569.5,192.2,600.1,228.1,0.908,200030
47,597.8,176.9,631.0,212.4,0.856,200031
47,183.5,157.1,220.9,189.7,0.856,200032
47,483.7,11.9,505.8,68.2,0.879,200033
47,590.9,208.6,632.8,230.2,0.801,200034
47,229.1,0.3,279.7,22.9,0.876,200035
47,184.5,180.3,224.7,198.7,0.758,200036
47,206.0,0.0,237.9,32.9,0.902,200037
48,579.9,238.4,627.7,266.7,0.916,100001
48,197.3,355.2,243.6,383.5,0.894,100002
48,315.2,278.5,358.8,308.1,0.904,100003
48,417.8,360.4,447.4,394.4,0.88,100004
48,197.3,379.7,236.2,409.3,0.885,100005
48,557.1,413.5,594.0,441.9,0.892,100006
48,192.2,253.6,232.1,284.3,0.876,100007
48,302.7,312.6,350.1,340.8,0.912,100008
48,188.3,296.5,220.5,334.9,0.901,100009
48,200.9,292.4,241.9,319.6,0.855,100010
48,212.0,210.1,241.3,252.6,0.864,100011
48,197.2,332.9,228.6,366.8,0.887,100012
48,582.7,379.8,631.0,404.4,0.887,100013
48,584.9,354.6,622.4,386.9,0.882,100014
48,589.0,409.5,627.0,440.5,0.846,100015
48,181.8,207.6,214.4,234.8,0.857,100016
48,180.8,232.5,220.6,254.5,0.837,100017
48,565.5,395.5,609.3,420.7,0.832,100018
48,189.3,67.0,237.3,97.1,0.922,200019
48,181.4,35.3,228.3,64.0,0.918,200020
48,354.9,148.1,397.9,179.5,0.918,200021
48,438.3,145.0,469.3,188.9,0.89,200022
48,220.8,176.3,259.1,203.4,0.904,200023
48,391.8,33.2,421.6,68.4,0.894,200024
48,364.3,52.6,390.3,90.6,0.897,200025
48,183.8,0.0,215.9,34.4,0.897,200026
48,335.7,104.5,362.0,143.7,0.889,200027
48,455.0,103.7,503.0,131.1,0.899,200028
48,587.0,13.7,617.4,61.7,0.895,200029
48,569.2,192.0,600.2,228.2,0.906,200030
48,597.6,177.0,631.1,211.0,0.885,200031
48,184.0,157.0,221.2,187.5,0.851,200032
48,483.6,12.2,505.9,68.3,0.881,200033
48,590.5,208.2,633.1,230.4,0.814,200034
48,230.3,0.3,283.5,23.3,0.879,200035
48,184.8,180.9,225.0,199.0,0.807,200036
48,206.0,0.0,238.0,33.1,0.907,200037
49,579.9,238.4,627.7,266.7,0.916,100001
49,197.3,355.2,243.6,383.5,0.894,100002
49,315.2,278.5,358.8,308.1,0.904,100003
49,417.8,360.4,447.4,394.4,0.88,100004
49,197.3,379.7,236.2,409.3,0.884,100005
49,557.1,413.5,594.0,441.9,0.892,100006
49,192.2,253.6,232.1,284.3,0.876,100007
49,302.7,312.6,350.1,340.8,0.912,100008
49,188.3,296.5,220.5,334.9,0.901,100009
49,200.9,292.4,241.9,319.6,0.855,100010
49,212.0,210.1,241.3,252.6,0.864,100011
49,197.2,332.9,228.6,366.8,0.887,100012
49,582.7,379.8,631.0,404.4,0.887,100013
49,584.9,354.6,622.4,386.9,0.882,100014
49,589.0,409.5,627.0,440.5,0.846,100015
49,181.8,207.6,214.4,234.8,0.857,100016
49,180.8,232.5,220.6,254.5,0.837,100017
49,565.5,395.5,609.3,420.7,0.832,100018
49,189.3,67.0,237.3,97.1,0.922,200019
49,181.4,35.3,228.3,64.0,0.918,200020
49,354.9,148.1,397.9,179.5,0.918,200021
49,438.3,145.0,469.3,188.9,0.89,200022
49,220.8,176.3,259.1,203.4,0.904,200023
49,391.8,33.2,421.7,68.4,0.894,200024
49,364.3,52.6,390.3,90.6,0.897,200025
49,183.8,0.0,215.9,34.4,0.897,200026
49,335.7,104.5,362.0,143.7,0.889,200027
49,455.0,103.7,503.0,131.1,0.899,200028
49,587.0,13.7,617.4,61.7,0.895,200029
49,569.2,192.0,600.2,228.2,0.906,200030
49,597.6,177.0,631.1,211.0,0.885,200031
49,184.0,157.0,221.2,187.5,0.851,200032
49,483.6,12.2,505.9,68.3,0.881,200033
49,590.5,208.2,633.1,230.4,0.814,200034
49,230.3,0.3,283.5,23.3,0.879,200035
49,184.8,180.9,225.0,199.0,0.807,200036
49,206.0,0.0,238.0,33.1,0.907,200037
50,579.8,238.5,627.8,266.7,0.916,100001
50,197.4,355.1,243.3,383.8,0.89,100002
50,314.6,278.6,358.1,308.4,0.91,100003
50,417.8,360.4,447.3,394.2,0.886,100004
50,197.3,380.0,236.3,409.1,0.887,100005
50,557.4,413.6,594.1,441.9,0.893,100006
50,192.2,254.2,232.1,284.4,0.878,100007
50,302.5,312.4,350.0,340.7,0.912,100008
50,188.3,296.5,220.4,334.9,0.899,100009
50,200.8,292.4,241.8,319.7,0.852,100010
50,211.9,210.1,241.4,252.9,0.877,100011
50,197.4,332.8,228.6,366.6,0.888,100012
50,582.8,380.0,630.9,404.2,0.888,100013
50,584.7,354.5,622.6,387.2,0.887,100014
50,589.6,406.5,627.0,440.5,0.828,100015
50,181.4,207.7,214.5,235.1,0.861,100016
50,180.1,232.7,220.6,255.0,0.845,100017
50,565.6,395.5,606.7,420.5,0.83,100018
50,189.0,66.5,237.4,97.2,0.924,200019
50,181.2,35.2,228.5,64.1,0.916,200020
50,355.1,148.3,397.8,179.7,0.917,200021
50,440.7,143.0,469.1,188.5,0.894,200022
50,219.7,176.5,259.0,203.5,0.904,200023
50,391.8,33.5,421.8,68.5,0.891,200024
50,364.3,52.6,390.2,90.7,0.897,200025
50,183.9,0.0,215.9,34.5,0.896,200026
50,335.7,104.0,362.0,143.7,0.891,200027
50,454.7,103.7,503.0,131.4,0.899,200028
50,586.9,13.8,617.2,61.8,0.901,200029
50,569.1,192.1,600.2,228.2,0.907,200030
50,597.7,177.0,631.0,210.9,0.887,200031
50,183.9,157.1,221.0,188.1,0.86,200032
50,484.0,15.4,505.7,68.1,0.873,200033
50,591.2,208.3,633.0,230.8,0.828,200034
50,229.9,0.3,283.9,23.4,0.877,200035
50,185.0,180.5,223.6,198.7,0.771,200036
50,206.1,0.0,237.9,33.0,0.902,200037
51,579.8,238.5,627.7,266.7,0.916,100001
51,197.4,355.1,243.3,383.8,0.89,100002
51,314.6,278.6,358.1,308.5,0.909,100003
51,417.8,360.4,447.3,394.1,0.892,100004
51,197.3,380.0,236.3,409.1,0.887,100005
51,557.4,413.6,594.1,441.9,0.893,100006
51,192.1,254.2,232.1,284.4,0.878,100007
51,302.5,312.3,350.0,340.7,0.912,100008
51,188.3,296.5,220.4,334.9,0.898,100009
51,200.7,292.4,241.8,319.7,0.852,100010
51,211.9,210.1,241.4,252.9,0.877,100011
51,197.4,332.9,228.6,366.6,0.887,100012
51,582.8,380.0,631.0,404.2,0.888,100013
51,584.7,354.5,622.6,387.2,0.888,100014
51,589.5,406.5,627.0,440.5,0.828,100015
51,181.4,207.6,214.5,235.1,0.862,100016
51,180.0,232.6,220.6,255.0,0.846,100017
51,565.6,395.5,605.7,420.7,0.831,100018
51,189.0,66.5,237.4,97.2,0.924,200019
51,181.2,35.2,228.5,64.0,0.916,200020
51,355.1,148.3,397.7,179.7,0.918,200021
51,440.6,143.0,469.1,188.5,0.892,200022
51,219.7,176.5,259.0,203.5,0.904,200023
51,391.7,33.3,421.8,68.7,0.891,200024
51,364.3,52.6,390.1,90.7,0.897,200025
51,183.9,0.0,215.9,34.5,0.896,200026
51,335.7,104.1,362.0,143.7,0.891,200027
51,454.7,103.7,503.0,131.4,0.9,200028
51,586.9,13.8,617.3,61.8,0.902,200029
51,569.1,192.1,600.2,228.2,0.906,200030
51,597.7,177.0,631.0,210.9,0.888,200031
51,183.9,157.1,221.0,188.1,0.86,200032
51,484.0,15.4,505.7,68.1,0.873,200033
51,591.1,208.3,633.0,230.8,0.83,200034
51,230.3,0.3,283.9,23.5,0.88,200035
51,185.1,180.4,223.7,198.6,0.768,200036
51,206.2,0.0,237.9,33.1,0.902,200037
52,579.7,238.4,627.7,266.7,0.916,100001
52,198.0,355.0,243.4,383.8,0.894,100002
52,314.2,278.2,357.9,308.5,0.911,100003
52,417.7,360.1,447.3,393.9,0.901,100004
52,197.3,378.3,236.2,409.2,0.898,100005
52,557.3,413.5,594.2,441.9,0.894,100006
52,192.2,254.3,232.1,285.4,0.868,100007
52,301.9,312.3,350.2,342.0,0.915,100008
52,188.1,296.8,220.4,334.8,0.898,100009
52,200.8,292.5,241.6,319.5,0.859,100010
52,212.6,210.2,241.3,252.8,0.878,100011
52,197.5,332.8,228.5,366.6,0.887,100012
52,582.9,380.0,631.1,404.2,0.884,100013
52,584.9,354.6,622.5,387.1,0.89,100014
52,589.8,406.5,627.1,440.5,0.839,100015
52,181.4,207.5,214.8,235.5,0.863,100016
52,179.7,232.9,220.8,255.1,0.848,100017
52,565.7,395.6,607.0,420.6,0.839,100018
52,189.1,67.2,237.6,97.9,0.924,200019
52,181.2,35.2,228.6,64.4,0.916,200020
52,355.4,148.3,395.5,179.7,0.917,200021
52,441.2,143.0,469.5,188.6,0.895,200022
52,219.6,176.3,258.9,203.6,0.908,200023
52,391.8,34.5,421.8,68.8,0.887,200024
52,364.3,52.8,389.9,90.9,0.896,200025
52,183.7,0.0,215.9,34.6,0.896,200026
52,335.8,104.0,361.9,143.5,0.89,200027
52,454.7,103.7,502.9,131.5,0.9,200028
52,586.9,13.8,617.3,61.8,0.894,200029
52,569.2,191.9,600.2,228.1,0.907,200030
52,597.5,177.0,630.9,211.3,0.887,200031
52,183.8,157.0,220.5,188.5,0.863,200032
52,483.2,20.1,506.1,64.7,0.863,200033
52,591.0,208.5,633.2,230.7,0.818,200034
52,232.3,0.4,283.7,23.4,0.881,200035
52,184.8,180.1,222.6,199.1,0.781,200036
52,206.3,0.0,237.8,33.3,0.906,200037
53,579.7,238.4,627.9,266.7,0.915,100001
53,198.6,354.9,243.6,383.3,0.897,100002
53,314.7,278.6,357.1,309.0,0.912,100003
53,417.7,360.1,447.4,394.0,0.903,100004
53,197.2,378.2,236.3,409.4,0.895,100005
53,557.2,413.4,594.1,441.8,0.893,100006
53,191.7,254.0,232.1,284.9,0.868,100007
53,301.7,312.3,350.0,341.6,0.915,100008
53,188.0,296.7,220.5,334.8,0.902,100009
53,201.0,292.5,241.6,319.6,0.861,100010
53,212.4,210.0,241.3,252.7,0.874,100011
53,197.7,332.6,228.6,366.0,0.883,100012
53,582.9,380.1,631.0,404.2,0.884,100013
53,585.1,354.6,622.5,387.0,0.89,100014
53,589.7,406.3,626.9,440.2,0.844,100015
53,181.2,207.6,214.7,235.6,0.869,100016
53,179.8,233.4,220.9,255.1,0.849,100017
53,565.6,395.4,606.6,420.8,0.842,100018
53,188.8,68.4,237.6,98.3,0.917,200019
53,182.2,35.2,228.6,64.3,0.916,200020
53,355.0,148.4,393.7,180.3,0.913,200021
53,437.9,145.5,469.2,188.9,0.892,200022
53,219.6,176.3,259.0,203.5,0.907,200023
53,391.7,34.3,421.9,68.7,0.885,200024
53,364.3,52.7,390.1,90.9,0.895,200025
53,184.0,0.0,216.0,34.5,0.896,200026
53,335.7,103.5,362.0,143.4,0.89,200027
53,454.9,103.8,502.9,131.5,0.898,200028
53,586.9,13.2,617.2,61.6,0.889,200029
53,569.3,192.0,600.2,228.1,0.905,200030
53,597.6,177.0,630.8,211.3,0.89,200031
53,183.8,157.0,220.9,188.2,0.858,200032
53,480.1,20.8,505.9,63.5,0.876,200033
53,590.9,208.4,633.2,230.3,0.806,200034
53,231.3,0.3,283.8,23.3,0.88,200035
53,184.8,180.2,222.5,199.2,0.775,200036
53,206.2,0.0,237.8,33.2,0.907,200037
54,579.8,238.3,627.7,266.7,0.914,100001
54,198.0,354.6,244.1,383.0,0.889,100002
54,314.7,278.5,357.3,308.3,0.912,100003
54,417.8,360.2,447.3,394.1,0.901,100004
54,197.1,377.8,236.1,409.3,0.898,100005
54,557.2,413.5,594.1,441.9,0.888,100006
54,191.9,254.0,232.1,284.5,0.878,100007
54,302.3,312.6,349.2,340.2,0.91,100008
54,187.7,296.6,220.4,335.0,0.9,100009
54,200.8,292.4,241.7,319.7,0.856,100010
54,212.1,210.1,241.4,252.8,0.876,100011
54,197.5,332.7,228.6,367.9,0.841,100012
54,582.7,379.9,631.0,404.4,0.886,100013
54,584.9,354.6,622.5,387.0,0.889,100014
54,589.3,406.4,626.4,439.7,0.83,100015
54,181.4,207.5,214.7,235.5,0.87,100016
54,180.4,233.4,220.9,255.1,0.845,100017
54,565.6,395.4,606.6,420.8,0.841,100018
54,188.8,68.8,237.3,98.4,0.916,200019
54,182.4,35.3,228.5,64.5,0.914,200020
54,355.1,148.7,391.7,180.6,0.908,200021
54,441.0,142.8,469.3,189.1,0.896,200022
54,219.4,175.9,258.9,203.3,0.906,200023
54,391.6,34.4,421.8,68.7,0.888,200024
54,364.3,52.6,390.2,90.8,0.899,200025
54,183.9,0.0,216.0,34.8,0.894,200026
54,335.8,103.0,362.4,143.4,0.894,200027
54,455.6,103.2,503.0,131.5,0.896,200028
54,586.9,12.7,617.2,61.6,0.878,200029
54,569.4,191.9,600.2,228.1,0.906,200030
54,597.4,177.1,630.8,211.7,0.889,200031
54,183.5,157.0,221.1,187.8,0.844,200032
54,480.5,21.7,505.9,63.5,0.878,200033
54,591.1,208.4,633.3,230.3,0.793,200034
54,231.1,0.3,283.9,23.3,0.881,200035
54,184.2,180.8,223.8,199.3,0.771,200036
54,206.3,0.0,237.9,33.3,0.908,200037
55,579.9,238.3,627.8,266.7,0.915,100001
55,197.5,354.6,244.0,383.6,0.894,100002
55,314.8,278.3,357.1,308.5,0.911,100003
55,417.8,360.2,447.3,393.9,0.901,100004
55,197.2,378.1,235.9,408.9,0.896,100005
55,557.2,413.6,593.9,441.7,0.891,100006
55,191.9,253.9,232.2,284.6,0.877,100007
55,302.7,312.4,350.0,340.5,0.909,100008
55,188.1,295.9,220.3,334.8,0.899,100009
55,200.9,292.2,241.8,319.7,0.856,100010
55,212.3,210.2,241.4,252.7,0.878,100011
55,197.3,332.6,228.7,366.7,0.875,100012
55,582.5,379.9,631.0,404.4,0.885,100013
55,584.8,354.5,622.5,387.2,0.888,100014
55,589.6,406.3,626.3,439.7,0.834,100015
55,181.4,207.5,214.7,235.7,0.865,100016
55,180.5,233.4,220.8,255.1,0.843,100017
55,565.6,395.4,606.7,420.7,0.848,100018
55,188.8,68.8,237.1,98.5,0.914,200019
55,182.0,35.2,228.6,64.4,0.913,200020
55,355.1,148.7,391.3,180.8,0.907,200021
55,440.5,143.3,469.1,189.1,0.892,200022
55,219.8,176.2,258.7,203.5,0.906,200023
55,392.1,34.2,421.7,68.9,0.89,200024
55,364.2,52.4,390.4,90.5,0.898,200025
55,183.8,0.0,216.0,34.6,0.893,200026
55,335.9,103.8,362.6,143.2,0.896,200027
55,457.0,103.2,503.0,131.5,0.895,200028
55,586.8,13.2,617.3,61.8,0.887,200029
55,569.1,191.9,600.2,228.1,0.908,200030
55,597.5,177.1,630.8,211.5,0.891,200031
55,183.4,157.1,221.1,187.5,0.831,200032
55,480.0,22.6,506.2,63.5,0.879,200033
55,591.4,208.4,630.8,230.1,0.802,200034
55,231.2,0.3,283.7,23.3,0.884,200035
55,183.8,181.1,222.1,199.5,0.772,200036
55,206.4,0.0,238.0,33.3,0.907,200037
55,591.9,228.6,632.7,241.2,0.267,200038
56,579.8,238.4,627.7,266.7,0.916,100001
56,197.1,354.8,244.0,383.5,0.894,100002
56,315.0,278.1,357.5,309.3,0.915,100003
56,417.8,360.1,447.2,393.8,0.902,100004
56,197.0,378.1,235.9,408.9,0.901,100005
56,557.5,413.7,594.0,441.8,0.889,100006
56,192.1,253.9,232.1,284.8,0.872,100007
56,302.1,312.6,350.8,341.9,0.913,100008
56,188.4,295.3,220.3,335.0,0.893,100009
56,201.3,292.1,241.5,319.6,0.857,100010
56,212.2,210.3,241.5,252.8,0.878,100011
56,197.4,332.7,228.8,366.4,0.892,100012
56,582.5,379.7,631.0,404.4,0.883,100013
56,584.8,354.5,622.6,387.2,0.887,100014
56,589.3,407.0,626.3,439.8,0.83,100015
56,181.2,207.4,214.7,235.3,0.865,100016
56,179.8,233.0,220.5,255.2,0.852,100017
56,565.7,395.6,607.6,420.7,0.848,100018
56,188.8,67.0,236.1,98.4,0.915,200019
56,182.6,35.2,228.6,64.2,0.911,200020
56,355.0,148.6,389.7,181.1,0.904,200021
56,440.9,143.0,469.0,188.4,0.894,200022
56,219.5,176.5,258.7,203.5,0.903,200023
56,392.0,34.1,421.8,68.9,0.887,200024
56,364.1,52.5,390.0,90.6,0.898,200025
56,183.8,0.0,216.0,34.6,0.895,200026
56,336.1,104.4,362.8,143.2,0.894,200027
56,456.7,103.5,503.0,131.6,0.897,200028
56,586.8,13.5,617.3,61.8,0.893,200029
56,569.1,191.9,600.1,228.1,0.909,200030
56,597.5,177.3,631.2,212.1,0.891,200031
56,183.3,157.2,220.8,188.0,0.843,200032
56,480.3,24.9,506.3,63.7,0.875,200033
56,592.1,208.4,628.9,231.1,0.823,200034
56,231.1,0.4,282.8,23.5,0.889,200035
56,183.7,180.2,222.2,199.0,0.738,200036
56,206.2,0.0,237.9,33.4,0.904,200037
57,579.9,238.4,627.6,266.7,0.915,100001
57,197.1,354.8,243.8,383.4,0.895,100002
57,315.0,277.9,357.1,309.0,0.912,100003
57,417.8,360.3,447.2,393.7,0.903,100004
57,197.0,378.3,235.9,409.0,0.899,100005
57,557.2,413.7,594.0,441.8,0.887,100006
57,191.9,253.8,231.9,285.2,0.861,100007
57,302.0,312.7,350.9,342.0,0.912,100008
57,188.4,295.4,220.5,334.9,0.895,100009
57,201.4,291.9,241.4,319.6,0.861,100010
57,212.3,210.2,241.5,252.7,0.877,100011
57,197.6,332.6,228.8,366.5,0.885,100012
57,582.7,379.7,631.0,404.3,0.884,100013
57,584.9,354.5,622.7,387.2,0.889,100014
57,588.9,407.9,626.2,439.7,0.809,100015
57,181.3,207.4,214.7,235.1,0.867,100016
57,180.9,232.9,220.5,255.3,0.853,100017
57,565.7,395.5,608.2,420.5,0.852,100018
57,188.8,67.1,236.8,98.5,0.915,200019
57,183.0,35.4,228.6,64.4,0.91,200020
57,354.9,148.6,388.8,181.9,0.913,200021
57,437.3,145.9,469.6,188.7,0.897,200022
57,219.6,176.5,258.8,203.4,0.906,200023
57,391.8,34.6,421.8,68.7,0.887,200024
57,364.2,52.6,389.8,90.8,0.898,200025
57,183.9,0.0,216.0,34.8,0.894,200026
57,336.3,104.1,363.0,143.1,0.898,200027
57,457.2,103.5,502.9,132.2,0.888,200028
57,586.9,13.5,617.3,61.7,0.891,200029
57,569.2,192.0,600.1,228.1,0.908,200030
57,597.5,177.3,631.3,212.2,0.891,200031
57,183.4,157.2,220.7,187.6,0.847,200032
57,479.8,25.6,505.7,63.5,0.883,200033
57,591.6,208.5,628.9,231.2,0.823,200034
57,231.6,0.4,282.5,23.5,0.89,200035
57,183.6,180.4,221.6,199.2,0.751,200036
57,206.1,0.0,238.0,32.7,0.898,200037
58,579.9,238.4,627.6,266.7,0.915,100001
58,197.1,354.8,243.8,383.4,0.895,100002
58,314.9,277.9,357.1,308.9,0.912,100003
58,417.8,360.3,447.2,393.7,0.903,100004
58,197.0,378.3,235.8,409.0,0.899,100005
58,557.2,413.7,594.0,441.8,0.888,100006
58,191.9,253.8,231.9,285.1,0.863,100007
58,301.9,312.7,351.0,342.0,0.912,100008
58,188.4,295.4,220.5,334.9,0.895,100009
58,201.3,291.9,241.4,319.6,0.861,100010
58,212.3,210.2,241.5,252.8,0.878,100011
58,197.6,332.6,228.8,366.5,0.885,100012
58,582.7,379.7,631.0,404.3,0.884,100013
58,584.9,354.5,622.7,387.2,0.889,100014
58,588.9,408.0,626.2,439.7,0.809,100015
58,181.3,207.4,214.7,235.1,0.867,100016
58,181.0,232.9,220.4,255.4,0.851,100017
58,565.7,395.5,608.2,420.5,0.852,100018
58,188.8,67.1,236.8,98.5,0.915,200019
58,183.0,35.4,228.6,64.4,0.91,200020
58,354.9,148.7,388.8,181.8,0.913,200021
58,437.4,145.9,469.6,188.8,0.896,200022
58,219.6,176.5,258.8,203.4,0.906,200023
58,391.8,34.7,421.8,68.7,0.887,200024
58,364.2,52.6,389.8,90.8,0.898,200025
58,183.9,0.0,216.0,34.8,0.894,200026
58,336.3,104.1,363.0,143.1,0.897,200027
58,457.2,103.5,502.9,132.2,0.888,200028
58,586.9,13.4,617.3,61.7,0.891,200029
58,569.2,192.0,600.1,228.1,0.908,200030
58,597.5,177.3,631.3,212.2,0.891,200031
58,183.4,157.2,220.7,187.7,0.845,200032
58,479.8,25.6,505.7,63.5,0.883,200033
58,591.7,208.4,628.9,231.2,0.821,200034
58,231.6,0.4,282.5,23.5,0.889,200035
58,183.6,180.4,221.6,199.3,0.754,200036
58,206.2,0.0,238.0,32.7,0.899,200037
59,579.8,238.4,627.7,266.7,0.915,100001
59,197.1,354.8,243.7,383.5,0.895,100002
59,314.5,278.0,356.7,308.4,0.912,100003
59,417.8,359.6,447.3,394.0,0.9,100004
59,197.0,377.9,235.7,408.9,0.896,100005
59,557.2,413.6,594.1,441.9,0.887,100006
59,192.0,253.8,232.0,284.5,0.871,100007
59,301.8,312.7,350.9,342.4,0.911,100008
59,188.5,295.9,220.5,335.0,0.896,100009
59,201.1,292.1,241.4,319.6,0.855,100010
59,212.3,210.3,241.3,252.4,0.875,100011
59,197.6,332.6,228.9,366.5,0.887,100012
59,582.7,379.8,631.0,404.3,0.884,100013
59,585.0,354.6,622.7,387.2,0.888,100014
59,589.1,407.2,626.2,439.6,0.819,100015
59,181.5,207.4,214.6,235.0,0.869,100016
59,181.0,233.1,220.7,255.4,0.852,100017
59,565.7,395.5,607.6,420.5,0.852,100018
59,188.7,67.3,237.2,98.8,0.917,200019
59,184.2,35.4,228.9,64.5,0.914,200020
59,355.1,145.4,388.6,182.9,0.917,200021
59,441.1,142.7,469.7,188.5,0.9,200022
59,219.5,176.1,258.7,203.5,0.905,200023
59,391.7,34.7,421.9,68.9,0.888,200024
59,364.2,52.7,390.1,90.6,0.898,200025
59,183.9,0.0,216.0,34.3,0.892,200026
59,336.6,103.7,363.2,142.5,0.9,200027
59,456.7,103.4,503.0,132.2,0.898,200028
59,586.8,13.2,617.3,61.6,0.888,200029
59,569.3,191.9,600.0,228.1,0.905,200030
59,597.5,177.2,631.2,212.3,0.891,200031
59,183.6,157.1,220.9,187.6,0.847,200032
59,480.3,25.8,505.6,63.8,0.877,200033
59,590.0,208.4,628.4,231.3,0.83,200034
59,232.4,0.3,282.6,23.7,0.894,200035
59,183.7,180.4,221.6,199.3,0.769,200036
59,206.0,0.0,238.1,30.6,0.901,200037
60,579.7,238.5,627.7,266.8,0.916,100001
60,197.0,354.7,243.6,383.5,0.892,100002
60,314.4,278.1,356.9,308.2,0.911,100003
60,417.8,359.4,447.1,394.1,0.897,100004
60,197.1,377.6,235.6,408.8,0.898,100005
60,557.1,413.4,594.0,441.8,0.893,100006
60,191.8,253.7,232.0,284.2,0.863,100007
60,301.9,312.8,349.4,341.7,0.912,100008
60,188.7,296.0,220.7,335.3,0.889,100009
60,200.9,292.2,241.4,319.7,0.854,100010
60,212.3,210.3,241.4,252.3,0.874,100011
60,197.6,332.7,228.8,366.2,0.889,100012
60,582.8,379.7,631.1,404.4,0.886,100013
60,585.0,354.7,622.8,387.2,0.888,100014
60,589.5,406.9,626.3,439.4,0.828,100015
60,181.9,207.3,214.7,233.8,0.868,100016
60,182.9,232.6,220.8,255.4,0.843,100017
60,565.6,395.5,607.3,420.7,0.828,100018
60,188.7,67.4,237.1,98.8,0.918,200019
60,183.9,35.2,229.0,64.5,0.913,200020
60,355.1,145.9,388.4,182.8,0.918,200021
60,441.2,142.5,469.7,188.5,0.896,200022
60,219.6,176.1,258.8,203.4,0.904,200023
60,391.8,34.9,421.9,68.9,0.887,200024
60,364.3,52.7,389.9,90.6,0.895,200025
60,184.0,0.0,216.0,34.2,0.896,200026
60,336.6,103.5,363.2,142.8,0.901,200027
60,456.7,103.3,503.0,132.3,0.893,200028
60,586.9,13.5,617.3,61.5,0.885,200029
60,569.5,192.2,599.9,228.3,0.9,200030
60,597.4,177.3,631.3,212.1,0.889,200031
60,183.6,157.0,220.8,188.1,0.86,200032
60,480.2,25.9,505.6,63.6,0.879,200033
60,590.0,208.2,628.5,231.6,0.842,200034
60,232.5,0.1,282.8,23.7,0.898,200035
60,183.8,180.3,222.7,199.6,0.779,200036
60,206.0,0.0,238.1,30.5,0.904,200037
61,579.7,238.5,627.7,266.8,0.916,100001
61,197.4,354.7,243.4,383.8,0.89,100002
61,314.1,278.1,356.8,308.2,0.911,100003
61,417.7,359.0,447.3,393.7,0.897,100004
61,197.4,377.4,235.6,408.6,0.902,100005
61,557.1,413.3,594.1,441.9,0.892,100006
61,191.6,253.6,232.0,284.3,0.863,100007
61,301.8,312.7,349.3,341.9,0.912,100008
61,188.8,296.5,220.2,335.4,0.893,100009
61,200.9,292.1,241.2,319.6,0.858,100010
61,212.3,210.1,241.4,252.6,0.878,100011
61,197.7,332.5,228.8,366.5,0.88,100012
61,582.7,379.8,631.2,404.5,0.886,100013
61,585.1,354.6,622.8,387.1,0.888,100014
61,590.0,406.9,625.4,439.7,0.831,100015
61,181.9,207.2,214.8,234.1,0.862,100016
61,182.7,232.8,220.8,255.4,0.838,100017
61,565.6,395.5,608.2,420.9,0.835,100018
61,188.6,67.4,237.2,99.0,0.918,200019
61,184.1,35.1,229.2,64.4,0.916,200020
61,355.4,143.8,389.2,183.1,0.912,200021
61,443.2,141.7,470.3,189.1,0.896,200022
61,219.7,176.1,259.0,203.6,0.9,200023
61,391.8,34.7,421.9,69.0,0.888,200024
61,364.3,52.5,389.8,90.6,0.896,200025
61,184.0,0.0,216.0,34.3,0.893,200026
61,336.8,102.8,363.5,142.5,0.902,200027
61,455.8,103.4,503.0,132.0,0.896,200028
61,586.9,13.3,617.3,61.6,0.879,200029
61,569.3,192.0,600.0,228.3,0.899,200030
61,597.5,177.3,631.3,212.1,0.89,200031
61,183.6,157.0,220.8,188.1,0.856,200032
61,480.6,25.9,505.7,63.9,0.877,200033
61,589.9,208.2,628.4,231.4,0.84,200034
61,232.5,0.2,282.9,23.6,0.895,200035
61,183.9,180.4,222.7,199.6,0.804,200036
61,206.0,0.0,238.0,30.8,0.904,200037
62,579.7,238.5,627.7,266.8,0.916,100001
62,197.4,354.7,243.5,383.8,0.889,100002
62,314.1,278.1,356.8,308.2,0.911,100003
62,417.7,359.0,447.3,393.7,0.898,100004
62,197.4,377.3,235.6,408.6,0.903,100005
62,557.1,413.3,594.1,441.9,0.892,100006
62,191.6,253.6,232.0,284.4,0.862,100007
62,301.8,312.7,349.3,341.8,0.912,100008
62,188.8,296.5,220.3,335.4,0.892,100009
62,200.9,292.1,241.2,319.6,0.859,100010
62,212.4,210.1,241.4,252.6,0.878,100011
62,197.4,332.4,228.7,366.8,0.875,100012
62,582.7,379.7,631.2,404.5,0.886,100013
62,585.1,354.6,622.8,387.1,0.887,100014
62,590.0,406.9,625.4,439.7,0.831,100015
62,182.0,207.1,214.8,234.3,0.86,100016
62,182.7,232.9,220.8,255.4,0.837,100017
62,565.6,395.5,608.3,420.9,0.836,100018
62,188.6,67.4,237.2,99.0,0.918,200019
62,184.1,35.1,229.2,64.4,0.916,200020
62,355.4,143.8,389.3,183.1,0.912,200021
62,443.2,141.3,470.3,189.1,0.895,200022
62,219.7,176.1,259.0,203.6,0.9,200023
62,391.8,34.7,421.9,69.0,0.888,200024
62,364.3,52.5,389.8,90.6,0.896,200025
62,184.0,0.0,216.0,34.3,0.894,200026
62,336.8,102.8,363.5,142.5,0.902,200027
62,455.8,103.4,503.0,132.0,0.895,200028
62,587.0,13.3,617.3,61.6,0.879,200029
62,569.3,192.0,600.0,228.2,0.899,200030
62,597.4,177.2,631.2,212.3,0.89,200031
62,183.6,157.0,220.7,188.2,0.856,200032
62,480.7,25.9,505.7,63.9,0.877,200033
62,589.8,208.2,628.4,231.4,0.839,200034
62,232.5,0.2,282.9,23.6,0.895,200035
62,183.9,180.5,223.0,199.6,0.803,200036
62,206.0,0.0,238.0,30.8,0.904,200037
63,579.8,238.5,627.7,266.7,0.916,100001
63,197.5,354.7,243.5,383.9,0.891,100002
63,313.5,278.1,356.1,308.2,0.911,100003
63,417.8,359.1,447.2,393.7,0.9,100004
63,197.8,377.1,235.6,408.7,0.901,100005
63,557.1,413.1,594.2,441.9,0.89,100006
63,191.7,253.3,232.2,284.7,0.852,100007
63,301.8,312.8,348.4,341.6,0.912,100008
63,189.1,296.5,220.3,335.2,0.896,100009
63,201.0,292.0,241.4,319.8,0.86,100010
63,212.5,210.0,241.3,252.8,0.88,100011
63,197.3,332.4,228.6,366.7,0.88,100012
63,582.5,379.8,631.0,404.6,0.889,100013
63,584.9,354.5,622.7,387.0,0.887,100014
63,589.8,408.1,625.0,440.2,0.835,100015
63,182.1,207.2,214.8,234.4,0.861,100016
63,182.4,233.5,220.5,255.4,0.838,100017
63,565.7,395.5,608.7,420.6,0.839,100018
63,189.1,67.3,237.4,99.0,0.917,200019
63,184.7,35.2,229.5,64.2,0.917,200020
63,355.1,143.7,389.1,183.2,0.913,200021
63,444.6,141.2,472.0,189.4,0.908,200022
63,219.8,175.9,259.4,203.8,0.901,200023
63,392.1,34.2,421.9,69.1,0.891,200024
63,364.4,52.5,389.6,90.9,0.899,200025
63,184.0,0.0,216.1,34.4,0.894,200026
63,336.9,102.4,363.9,143.3,0.901,200027
63,456.4,103.3,503.0,131.4,0.896,200028
63,586.8,13.6,617.3,61.8,0.891,200029
63,569.2,192.2,600.0,228.2,0.9,200030
63,597.5,177.4,631.3,212.1,0.89,200031
63,183.7,157.1,220.7,187.9,0.851,200032
63,480.7,25.8,505.7,63.9,0.875,200033
63,590.3,208.3,628.5,231.4,0.835,200034
63,232.7,0.2,284.5,23.7,0.89,200035
63,183.9,180.2,222.9,199.6,0.8,200036
63,205.8,0.0,237.9,32.4,0.902,200037
64,579.8,238.5,627.7,266.7,0.916,100001
64,197.5,354.7,243.5,383.8,0.891,100002
64,313.4,278.1,356.2,308.2,0.91,100003
64,417.8,359.1,447.2,393.7,0.899,100004
64,197.8,377.1,235.6,408.7,0.901,100005
64,557.1,413.1,594.2,441.9,0.89,100006
64,191.6,253.3,232.2,284.7,0.852,100007
64,301.7,312.8,348.4,341.6,0.912,100008
64,189.1,296.5,220.3,335.3,0.896,100009
64,201.0,291.9,241.4,319.8,0.858,100010
64,212.5,210.0,241.3,252.8,0.88,100011
64,197.3,332.4,228.6,366.7,0.879,100012
64,582.5,379.9,631.0,404.6,0.888,100013
64,584.9,354.5,622.8,387.0,0.887,100014
64,589.8,408.2,625.0,440.2,0.835,100015
64,182.2,207.1,214.8,234.3,0.858,100016
64,182.3,233.4,220.5,255.4,0.837,100017
64,565.7,395.5,608.8,420.6,0.836,100018
64,189.1,67.3,237.4,99.0,0.917,200019
64,184.8,35.2,229.5,64.2,0.916,200020
64,355.1,143.7,389.1,183.2,0.913,200021
64,444.6,141.3,472.0,189.4,0.909,200022
64,219.8,176.0,259.4,203.8,0.901,200023
64,392.1,34.2,421.9,69.1,0.891,200024
64,364.4,52.5,389.6,90.9,0.9,200025
64,184.0,0.0,216.1,34.4,0.894,200026
64,336.9,102.4,363.9,143.3,0.901,200027
64,456.3,103.3,503.0,131.4,0.895,200028
64,586.8,13.7,617.3,61.8,0.892,200029
64,569.2,192.2,600.0,228.2,0.9,200030
64,597.5,177.4,631.3,212.1,0.89,200031
64,183.6,157.1,220.8,188.1,0.852,200032
64,480.6,25.8,505.7,63.9,0.875,200033
64,590.4,208.3,628.5,231.4,0.835,200034
64,232.7,0.2,284.5,23.7,0.89,200035
64,183.8,180.2,222.9,199.7,0.801,200036
64,205.8,0.0,237.9,32.4,0.902,200037
65,579.8,238.5,627.8,266.8,0.916,100001
65,197.3,355.0,243.5,383.8,0.883,100002
65,313.8,276.6,356.2,307.4,0.915,100003
65,417.7,358.9,447.2,393.9,0.899,100004
65,197.8,377.1,235.8,409.0,0.903,100005
65,557.4,413.4,594.1,441.8,0.89,100006
65,191.6,254.1,232.1,285.0,0.853,100007
65,302.2,312.9,348.2,341.1,0.91,100008
65,189.1,296.7,220.4,335.2,0.893,100009
65,200.8,292.0,241.4,319.7,0.861,100010
65,212.5,210.0,241.3,252.6,0.881,100011
65,197.2,332.5,228.6,367.2,0.877,100012
65,582.5,379.8,631.1,404.9,0.89,100013
65,584.8,354.5,622.8,386.3,0.888,100014
65,589.0,408.8,624.9,440.2,0.834,100015
65,181.8,207.3,214.8,234.7,0.85,100016
65,182.8,234.2,220.6,255.7,0.841,100017
65,565.7,395.7,609.1,420.5,0.85,100018
65,189.2,67.0,237.4,98.5,0.916,200019
65,184.9,35.2,229.4,64.1,0.914,200020
65,356.2,140.9,388.5,182.9,0.913,200021
65,447.7,140.9,474.3,189.6,0.908,200022
65,219.5,175.9,259.4,203.8,0.904,200023
65,392.7,34.6,422.2,69.0,0.889,200024
65,364.3,52.7,389.7,91.0,0.898,200025
65,183.9,0.0,216.0,34.1,0.894,200026
65,336.8,99.9,363.7,143.9,0.899,200027
65,456.0,103.1,503.0,131.6,0.895,200028
65,586.9,13.5,617.3,61.7,0.895,200029
65,569.2,192.0,600.1,228.2,0.903,200030
65,597.5,177.2,631.4,212.2,0.888,200031
65,183.6,157.1,220.4,188.3,0.848,200032
65,479.1,25.5,505.6,64.2,0.881,200033
65,590.7,208.3,629.0,231.2,0.827,200034
65,232.5,0.3,283.6,23.6,0.894,200035
65,183.9,179.8,222.8,199.7,0.797,200036
65,205.9,0.1,237.7,31.1,0.905,200037
66,579.9,238.5,627.8,266.8,0.916,100001
66,197.3,355.0,243.5,383.8,0.883,100002
66,313.8,276.6,356.2,307.4,0.915,100003
66,417.7,358.9,447.2,393.9,0.899,100004
66,197.8,377.1,235.8,409.0,0.903,100005
66,557.4,413.4,594.1,441.8,0.89,100006
66,191.5,254.0,232.1,284.9,0.851,100007
66,302.2,312.9,348.2,341.1,0.909,100008
66,189.1,296.7,220.5,335.2,0.893,100009
66,200.8,292.0,241.4,319.7,0.86,100010
66,212.5,210.0,241.3,252.6,0.88,100011
66,197.2,332.5,228.6,367.2,0.877,100012
66,582.5,379.8,631.1,404.9,0.889,100013
66,584.9,354.5,622.8,386.3,0.888,100014
66,589.0,408.9,624.9,440.2,0.835,100015
66,181.8,207.3,214.8,234.6,0.848,100016
66,183.1,234.1,220.6,255.7,0.841,100017
66,565.7,395.7,609.1,420.5,0.851,100018
66,189.2,67.0,237.4,98.5,0.916,200019
66,184.9,35.2,229.3,64.1,0.914,200020
66,356.2,140.9,388.5,182.9,0.914,200021
66,447.7,141.0,474.3,189.7,0.908,200022
66,219.5,175.9,259.4,203.8,0.904,200023
66,392.7,34.6,422.2,69.1,0.889,200024
66,364.3,52.7,389.7,90.9,0.898,200025
66,183.9,0.0,216.0,34.1,0.893,200026
66,336.8,99.9,363.7,144.0,0.899,200027
66,456.0,103.1,503.0,131.6,0.895,200028
66,586.9,13.6,617.3,61.7,0.895,200029
66,569.1,192.0,600.1,228.2,0.903,200030
66,597.5,177.2,631.4,212.2,0.888,200031
66,183.6,157.1,220.4,188.3,0.849,200032
66,479.1,25.5,505.6,64.2,0.881,200033
66,590.7,208.3,629.0,231.2,0.827,200034
66,232.6,0.3,283.6,23.6,0.894,200035
66,183.9,179.8,222.7,199.7,0.796,200036
66,205.9,0.1,237.7,31.1,0.905,200037
67,579.8,238.5,627.8,266.8,0.915,100001
67,197.7,354.7,243.7,383.6,0.88,100002
67,314.7,280.8,358.5,307.8,0.905,100003
67,417.7,358.9,447.2,393.9,0.899,100004
67,197.8,377.0,235.6,408.7,0.907,100005
67,557.3,413.2,594.1,441.8,0.892,100006
67,191.7,254.4,232.1,285.1,0.859,100007
67,302.3,312.8,349.0,341.5,0.908,100008
67,189.0,296.9,220.6,334.9,0.893,100009
67,200.9,292.0,241.4,319.7,0.863,100010
67,212.4,209.9,241.3,252.0,0.879,100011
67,197.0,332.6,228.6,368.1,0.859,100012
67,582.7,379.8,631.1,404.7,0.89,100013
67,584.7,354.6,622.7,386.3,0.889,100014
67,589.1,408.3,624.9,440.2,0.825,100015
67,181.6,207.2,214.6,234.4,0.856,100016
67,183.4,234.4,221.2,255.7,0.85,100017
67,565.7,395.7,608.6,420.6,0.84,100018
67,189.2,67.0,237.3,98.2,0.916,200019
67,184.5,35.1,229.5,64.0,0.917,200020
67,359.1,140.4,391.9,184.0,0.904,200021
67,446.5,140.9,472.8,189.4,0.912,200022
67,219.5,176.1,259.3,203.9,0.907,200023
67,392.6,34.6,423.0,68.9,0.884,200024
67,364.3,52.8,389.4,91.0,0.898,200025
67,184.0,0.0,216.0,33.9,0.894,200026
67,336.7,99.8,363.6,143.3,0.897,200027
67,456.0,102.9,503.1,130.9,0.902,200028
67,586.9,13.7,617.3,61.6,0.897,200029
67,569.3,192.0,600.0,228.2,0.9,200030
67,597.5,177.3,631.3,212.3,0.887,200031
67,183.8,157.1,220.6,187.6,0.83,200032
67,479.7,18.8,506.2,64.3,0.874,200033
67,590.0,208.3,629.1,231.1,0.825,200034
67,233.9,0.2,284.3,23.6,0.896,200035
67,183.6,180.6,221.2,199.5,0.741,200036
67,205.9,0.0,237.7,30.3,0.9,200037
68,579.8,238.5,627.8,266.8,0.915,100001
68,197.6,354.7,243.6,383.6,0.88,100002
68,314.7,280.8,358.5,307.8,0.905,100003
68,417.7,358.9,447.2,393.9,0.899,100004
68,197.8,376.9,235.6,408.7,0.907,100005
68,557.3,413.2,594.0,441.9,0.892,100006
68,191.7,254.4,232.1,285.0,0.859,100007
68,302.3,312.8,349.0,341.5,0.908,100008
68,189.0,297.0,220.6,334.9,0.894,100009
68,200.9,292.0,241.4,319.7,0.863,100010
68,212.5,209.9,241.3,252.1,0.878,100011
68,197.1,332.6,228.7,368.0,0.859,100012
68,582.7,379.9,631.1,404.7,0.889,100013
68,584.8,354.6,622.7,386.3,0.89,100014
68,589.1,408.2,624.8,440.2,0.828,100015
68,181.6,207.2,214.6,234.4,0.855,100016
68,183.4,234.4,221.1,255.7,0.849,100017
68,565.7,395.7,608.5,420.6,0.84,100018
68,189.3,67.1,237.3,98.2,0.916,200019
68,184.5,35.1,229.5,64.0,0.917,200020
68,359.1,140.4,391.9,184.0,0.903,200021
68,446.5,140.9,472.8,189.4,0.912,200022
68,219.5,176.1,259.3,203.9,0.908,200023
68,392.6,34.6,423.0,68.9,0.884,200024
68,364.3,52.8,389.4,91.0,0.898,200025
68,184.0,0.0,216.0,34.0,0.895,200026
68,336.7,99.8,363.6,143.3,0.897,200027
68,456.0,102.9,503.1,130.9,0.902,200028
68,586.8,13.6,617.3,61.6,0.899,200029
68,569.3,192.0,600.0,228.3,0.9,200030
68,597.5,177.3,631.3,212.3,0.887,200031
68,183.8,157.1,220.6,187.7,0.83,200032
68,479.8,18.9,506.0,64.6,0.874,200033
68,590.1,208.3,629.1,231.1,0.827,200034
68,233.9,0.2,284.3,23.6,0.896,200035
68,183.6,180.6,221.2,199.5,0.744,200036
68,206.0,0.0,237.7,30.3,0.899,200037
69,579.7,238.5,627.8,266.7,0.915,100001
69,197.1,354.9,243.6,384.1,0.883,100002
69,315.0,280.2,357.2,307.7,0.907,100003
69,417.7,358.9,447.2,393.8,0.9,100004
69,197.8,376.9,235.8,408.5,0.907,100005
69,557.2,413.0,594.2,441.8,0.89,100006
69,192.1,254.7,231.9,285.2,0.866,100007
69,302.1,312.9,348.4,341.9,0.904,100008
69,189.1,297.1,220.6,334.9,0.895,100009
69,200.8,291.9,241.1,319.6,0.861,100010
69,212.6,209.9,241.5,252.2,0.88,100011
69,197.0,332.5,228.6,367.7,0.872,100012
69,582.8,379.9,631.0,404.6,0.892,100013
69,584.8,354.6,622.7,386.4,0.89,100014
69,588.5,409.0,625.0,440.2,0.784,100015
69,181.7,207.1,214.8,234.7,0.855,100016
69,182.9,234.0,221.3,255.8,0.847,100017
69,565.6,395.7,610.2,420.7,0.837,100018
69,189.3,66.9,237.2,98.0,0.916,200019
69,184.4,35.0,229.6,64.0,0.918,200020
69,362.5,141.0,392.9,187.6,0.907,200021
69,446.2,141.2,472.2,189.3,0.91,200022
69,219.5,176.2,259.3,203.8,0.906,200023
69,393.1,33.4,422.8,69.1,0.888,200024
69,364.3,52.8,389.8,90.9,0.896,200025
69,184.1,0.0,216.1,33.8,0.896,200026
69,338.8,98.5,365.9,142.7,0.894,200027
69,457.1,103.1,503.0,131.0,0.899,200028
69,586.8,13.7,617.3,61.6,0.897,200029
69,569.2,192.0,600.0,228.3,0.899,200030
69,597.5,177.2,631.3,212.3,0.889,200031
69,183.8,157.0,220.5,187.9,0.842,200032
69,479.9,18.6,506.2,65.3,0.874,200033
69,589.5,208.2,629.0,231.1,0.82,200034
69,233.5,0.1,282.7,23.6,0.892,200035
69,184.3,180.2,221.9,199.2,0.779,200036
69,205.9,0.0,237.5,29.6,0.904,200037
70,579.7,238.5,627.8,266.8,0.915,100001
70,197.1,354.9,243.6,384.1,0.882,100002
70,315.0,280.2,357.2,307.7,0.907,100003
70,417.7,358.9,447.2,393.8,0.9,100004
70,197.8,376.9,235.8,408.5,0.907,100005
70,557.2,413.1,594.2,441.8,0.889,100006
70,192.0,254.7,231.9,285.1,0.866,100007
70,302.1,312.9,348.4,342.0,0.904,100008
70,189.1,297.1,220.6,334.9,0.894,100009
70,200.7,291.9,241.1,319.6,0.861,100010
70,212.6,210.0,241.4,252.2,0.88,100011
70,197.0,332.5,228.6,367.9,0.871,100012
70,582.8,379.9,631.0,404.6,0.892,100013
70,584.8,354.6,622.7,386.4,0.89,100014
70,588.6,408.2,624.7,440.3,0.784,100015
70,181.7,207.1,214.8,234.6,0.855,100016
70,182.8,233.8,221.3,255.7,0.848,100017
70,565.6,395.7,610.1,420.7,0.837,100018
70,189.3,66.9,237.2,98.0,0.917,200019
70,184.4,35.0,229.6,64.0,0.918,200020
70,362.5,141.0,392.9,187.6,0.907,200021
70,446.2,141.2,472.2,189.3,0.91,200022
70,219.6,176.2,259.3,203.8,0.905,200023
70,393.1,33.4,422.8,69.0,0.888,200024
70,364.3,52.8,389.8,90.9,0.896,200025
70,184.1,0.0,216.1,33.8,0.897,200026
70,338.8,98.5,365.9,142.7,0.893,200027
70,457.1,103.1,503.0,131.0,0.899,200028
70,586.8,13.7,617.3,61.6,0.897,200029
70,569.3,192.0,600.0,228.3,0.899,200030
70,597.6,177.2,631.3,212.3,0.889,200031
70,183.9,157.0,220.5,187.8,0.84,200032
70,479.9,18.6,506.2,65.3,0.874,200033
70,589.5,208.2,629.1,231.1,0.822,200034
70,233.6,0.1,282.7,23.6,0.893,200035
70,184.3,180.2,221.9,199.1,0.776,200036
70,205.9,0.0,237.5,29.6,0.904,200037
71,579.7,238.4,627.8,266.8,0.915,100001
71,196.8,354.8,243.5,383.9,0.884,100002
71,315.2,279.9,356.4,308.9,0.91,100003
71,417.6,358.7,447.2,393.7,0.897,100004
71,197.8,376.8,235.9,408.4,0.91,100005
71,557.3,413.2,594.2,441.9,0.886,100006
71,192.0,254.7,232.0,285.3,0.868,100007
71,301.9,312.9,348.1,342.0,0.906,100008
71,188.9,297.1,220.3,335.0,0.898,100009
71,200.6,292.0,240.8,319.8,0.859,100010
71,212.4,210.0,241.4,252.6,0.884,100011
71,197.2,332.4,228.7,366.9,0.878,100012
71,582.9,380.0,630.9,404.5,0.893,100013
71,585.0,354.7,622.8,386.3,0.889,100014
71,588.9,409.4,624.5,439.8,0.784,100015
71,181.8,207.0,214.8,234.2,0.857,100016
71,182.5,233.7,220.7,255.7,0.848,100017
71,565.6,395.7,611.0,421.0,0.85,100018
71,189.4,67.0,237.1,97.6,0.916,200019
71,184.5,35.1,229.5,63.8,0.92,200020
71,359.4,140.1,393.0,184.7,0.906,200021
71,445.8,139.1,473.3,188.8,0.909,200022
71,219.8,176.3,259.4,203.8,0.903,200023
71,392.8,34.2,422.8,69.1,0.884,200024
71,363.8,52.5,389.5,90.8,0.897,200025
71,184.2,0.0,216.1,33.9,0.896,200026
71,337.7,96.1,362.7,139.7,0.889,200027
71,457.2,103.2,503.0,131.6,0.899,200028
71,586.8,13.6,617.2,61.8,0.897,200029
71,569.2,191.9,600.0,228.2,0.897,200030
71,597.5,177.2,631.3,212.2,0.889,200031
71,183.9,157.0,220.6,188.1,0.836,200032
71,479.9,18.5,506.1,65.4,0.871,200033
71,588.5,208.4,629.3,231.2,0.796,200034
71,233.7,0.1,282.7,23.6,0.892,200035
71,184.1,180.9,222.7,199.6,0.741,200036
71,206.0,0.0,237.7,29.5,0.909,200037
72,579.8,238.4,627.8,266.8,0.915,100001
72,197.0,354.9,243.4,383.8,0.87,100002
72,315.1,279.9,356.5,309.1,0.909,100003
72,417.6,358.7,447.2,393.8,0.895,100004
72,197.8,376.4,235.9,408.5,0.907,100005
72,557.4,413.4,594.4,442.0,0.892,100006
72,191.5,254.5,232.0,286.4,0.865,100007
72,301.8,312.8,348.0,342.0,0.908,100008
72,189.3,297.0,220.2,335.2,0.895,100009
72,200.4,292.0,240.6,319.6,0.86,100010
72,212.5,210.0,241.5,252.6,0.885,100011
72,197.1,332.3,228.7,368.9,0.851,100012
72,582.9,379.9,630.9,404.3,0.89,100013
72,585.0,354.6,622.8,386.3,0.886,100014
72,587.3,408.0,624.1,439.8,0.743,100015
72,181.7,207.1,214.8,234.8,0.848,100016
72,180.7,233.5,220.5,255.8,0.849,100017
72,565.6,395.7,609.8,421.0,0.843,100018
72,189.4,67.0,236.9,97.6,0.917,200019
72,184.4,35.3,229.6,63.8,0.92,200020
72,359.4,140.6,392.9,184.8,0.904,200021
72,445.9,139.3,473.3,188.9,0.909,200022
72,220.1,176.3,259.4,203.9,0.902,200023
72,392.8,34.5,422.6,68.7,0.884,200024
72,363.8,52.4,389.4,90.7,0.896,200025
72,184.1,0.0,216.1,34.2,0.891,200026
72,337.7,95.8,362.7,140.1,0.896,200027
72,457.3,103.2,503.0,131.5,0.899,200028
72,586.8,13.5,617.2,61.8,0.893,200029
72,569.3,192.0,600.2,228.1,0.893,200030
72,597.3,177.1,631.2,212.4,0.888,200031
72,183.8,157.1,220.7,188.5,0.849,200032
72,480.0,18.4,506.1,65.6,0.872,200033
72,585.9,208.5,629.4,231.1,0.81,200034
72,234.4,0.2,282.5,23.6,0.891,200035
72,184.1,180.5,223.4,199.4,0.773,200036
72,206.0,0.0,237.6,29.6,0.908,200037
73,579.9,238.4,627.7,266.8,0.914,100001
73,196.6,354.9,242.9,383.9,0.871,100002
73,314.9,279.1,356.6,308.9,0.91,100003
73,417.7,358.6,447.1,393.7,0.896,100004
73,197.8,376.1,235.5,408.7,0.904,100005
73,557.6,413.3,594.2,442.2,0.886,100006
73,191.4,254.8,232.0,286.1,0.866,100007
73,301.8,312.8,347.5,341.9,0.909,100008
73,189.2,296.9,220.3,335.1,0.896,100009
73,200.6,292.1,241.2,319.7,0.858,100010
73,212.7,210.1,241.5,252.8,0.889,100011
73,197.0,332.3,228.6,368.3,0.855,100012
73,582.8,380.0,630.9,404.6,0.891,100013
73,585.0,354.6,622.7,386.3,0.887,100014
73,586.7,409.9,624.5,439.7,0.766,100015
73,181.7,207.1,214.9,234.6,0.847,100016
73,180.9,233.3,220.6,255.9,0.842,100017
73,565.7,395.7,610.0,420.8,0.84,100018
73,188.6,66.8,236.2,97.2,0.914,200019
73,184.7,35.2,229.7,63.8,0.92,200020
73,359.2,141.8,391.1,184.3,0.901,200021
73,447.8,138.0,474.9,185.9,0.9,200022
73,219.6,176.4,259.3,203.8,0.904,200023
73,393.0,34.3,422.8,68.7,0.885,200024
73,363.4,52.5,389.7,90.1,0.897,200025
73,184.1,0.0,216.1,34.3,0.89,200026
73,336.5,95.5,361.3,138.7,0.89,200027
73,456.7,102.6,502.9,131.6,0.902,200028
73,586.8,13.6,617.1,61.9,0.898,200029
73,569.1,192.0,599.7,228.0,0.896,200030
73,597.4,177.1,631.3,211.6,0.886,200031
73,183.8,157.1,220.5,187.7,0.828,200032
73,479.6,17.8,506.3,64.7,0.872,200033
73,586.6,208.1,630.9,229.5,0.781,200034
73,233.9,0.2,281.6,23.6,0.894,200035
73,184.3,180.3,222.0,198.6,0.691,200036
73,205.9,0.0,237.6,29.8,0.901,200037
74,579.9,238.4,627.7,266.8,0.914,100001
74,196.6,354.9,243.0,383.9,0.871,100002
74,314.9,279.1,356.5,308.9,0.911,100003
74,417.8,358.6,447.1,393.8,0.896,100004
74,197.8,376.1,235.5,408.7,0.904,100005
74,557.6,413.3,594.2,442.1,0.886,100006
74,191.4,254.8,232.0,286.0,0.867,100007
74,301.8,312.7,347.5,341.9,0.909,100008
74,189.2,296.9,220.3,335.2,0.896,100009
74,200.6,292.0,241.2,319.8,0.858,100010
74,212.7,210.1,241.5,252.8,0.889,100011
74,197.0,332.3,228.6,368.3,0.855,100012
74,582.8,380.0,630.8,404.6,0.891,100013
74,585.0,354.6,622.7,386.3,0.887,100014
74,586.7,409.9,624.5,439.6,0.757,100015
74,181.6,207.1,214.9,234.6,0.848,100016
74,180.8,233.2,220.6,255.9,0.842,100017
74,565.7,395.7,610.1,420.8,0.839,100018
74,188.6,66.8,236.2,97.2,0.914,200019
74,184.7,35.2,229.7,63.8,0.919,200020
74,359.2,141.8,391.1,184.3,0.901,200021
74,447.9,138.1,474.9,185.9,0.9,200022
74,219.6,176.4,259.3,203.8,0.904,200023
74,393.0,34.2,422.8,68.7,0.886,200024
74,363.4,52.5,389.7,90.1,0.898,200025
74,184.1,0.0,216.0,34.3,0.89,200026
74,336.5,95.5,361.3,138.9,0.89,200027
74,456.7,102.6,502.9,131.6,0.901,200028
74,586.8,13.5,617.1,61.9,0.897,200029
74,569.3,192.3,600.1,228.0,0.896,200030
74,597.4,177.0,631.3,211.5,0.885,200031
74,183.8,157.1,220.5,187.7,0.829,200032
74,479.6,17.8,506.3,64.6,0.872,200033
74,585.4,208.1,630.9,229.5,0.789,200034
74,234.2,0.2,281.6,23.6,0.895,200035
74,184.3,180.3,221.9,198.5,0.684,200036
74,205.9,0.0,237.6,29.8,0.901,200037
75,579.9,238.4,627.7,266.8,0.913,100001
75,195.2,354.9,243.1,384.0,0.88,100002
75,314.9,278.9,356.4,309.2,0.915,100003
75,417.7,358.8,447.1,393.7,0.896,100004
75,197.0,378.8,235.8,408.7,0.912,100005
75,557.6,413.1,594.2,442.0,0.886,100006
75,192.2,255.0,232.1,286.5,0.868,100007
75,302.2,312.6,349.0,341.4,0.911,100008
75,189.2,296.7,220.5,334.9,0.896,100009
75,200.8,291.8,241.1,319.7,0.861,100010
75,212.7,210.1,241.4,252.6,0.887,100011
75,196.7,332.4,228.7,367.7,0.888,100012
75,582.7,379.9,630.8,404.8,0.89,100013
75,584.9,354.6,622.7,386.3,0.889,100014
75,585.9,410.0,624.4,439.7,0.766,100015
75,181.8,207.2,214.7,235.2,0.843,100016
75,181.8,234.0,220.9,256.1,0.848,100017
75,565.7,395.7,609.5,420.8,0.837,100018
75,187.7,66.0,235.9,96.8,0.911,200019
75,184.5,35.3,230.0,63.9,0.922,200020
75,359.5,142.4,391.1,184.5,0.905,200021
75,446.1,138.2,472.1,182.5,0.902,200022
75,219.4,176.7,258.9,203.8,0.899,200023
75,392.8,34.2,422.8,68.6,0.886,200024
75,362.8,52.8,389.6,90.4,0.896,200025
75,184.2,0.0,216.1,34.4,0.893,200026
75,336.7,95.5,361.4,139.0,0.887,200027
75,455.1,103.0,503.0,131.2,0.899,200028
75,586.8,13.5,617.3,61.9,0.892,200029
75,569.4,191.8,599.9,227.9,0.899,200030
75,597.4,177.1,630.5,211.7,0.881,200031
75,183.7,157.1,220.5,188.1,0.834,200032
75,483.0,8.4,505.6,64.0,0.853,200033
75,590.3,207.5,629.9,229.4,0.772,200034
75,234.2,0.2,281.5,23.7,0.898,200035
75,184.5,180.3,221.5,198.5,0.658,200036
75,206.1,0.0,237.7,30.2,0.9,200037
76,579.9,238.4,627.7,266.8,0.913,100001
76,195.3,355.0,243.1,384.6,0.881,100002
76,314.5,278.8,356.9,308.7,0.912,100003
76,417.7,358.8,447.1,393.8,0.898,100004
76,197.0,378.8,235.8,408.5,0.911,100005
76,557.6,413.1,594.2,442.0,0.889,100006
76,192.1,255.0,232.0,286.2,0.872,100007
76,302.4,312.5,349.0,341.3,0.914,100008
76,189.2,296.8,220.4,334.8,0.904,100009
76,200.8,291.9,241.1,319.8,0.86,100010
76,212.7,210.2,241.4,252.3,0.884,100011
76,197.1,332.6,228.3,366.8,0.906,100012
76,582.6,379.9,630.8,404.8,0.89,100013
76,584.9,354.5,622.8,386.3,0.889,100014
76,585.8,410.5,624.4,439.7,0.757,100015
76,181.7,207.3,214.7,235.5,0.837,100016
76,181.2,234.2,221.1,256.1,0.848,100017
76,565.6,395.7,610.2,421.0,0.841,100018
76,187.4,65.6,235.9,96.7,0.913,200019
76,184.5,35.2,229.8,63.7,0.922,200020
76,359.6,143.1,391.0,185.5,0.905,200021
76,444.6,138.2,472.6,182.8,0.899,200022
76,219.4,176.8,259.0,203.8,0.901,200023
76,392.5,34.2,422.7,68.7,0.886,200024
76,362.3,52.8,389.5,90.5,0.898,200025
76,184.1,0.0,216.1,34.2,0.892,200026
76,336.6,96.0,361.7,139.4,0.89,200027
76,454.7,103.4,502.9,131.5,0.904,200028
76,586.7,13.7,617.2,61.8,0.894,200029
76,569.9,191.8,600.0,228.0,0.903,200030
76,597.3,177.2,629.2,210.1,0.848,200031
76,183.9,157.0,220.7,187.9,0.834,200032
76,482.6,12.2,505.7,64.7,0.868,200033
76,592.8,207.9,629.8,229.7,0.648,200034
76,233.8,0.3,281.4,23.7,0.894,200035
76,184.6,179.4,220.4,199.5,0.672,200036
76,206.0,0.0,238.5,30.2,0.903,200037
77,579.6,238.3,627.9,266.8,0.915,100001
77,195.9,355.1,243.1,384.7,0.882,100002
77,314.5,278.6,356.8,309.1,0.913,100003
77,417.7,358.6,447.2,393.7,0.902,100004
77,196.9,378.9,235.9,408.4,0.915,100005
77,557.6,413.1,594.3,442.0,0.889,100006
77,192.1,255.1,231.9,285.6,0.873,100007
77,302.3,312.5,349.3,341.2,0.916,100008
77,189.2,296.8,220.3,334.9,0.903,100009
77,200.6,291.9,240.9,319.6,0.857,100010
77,212.8,210.3,241.4,252.8,0.883,100011
77,197.1,332.6,228.2,366.7,0.902,100012
77,582.7,380.0,631.0,404.5,0.889,100013
77,584.8,354.6,622.7,386.3,0.89,100014
77,587.0,411.5,624.2,439.6,0.749,100015
77,181.7,207.4,214.8,235.4,0.84,100016
77,181.4,233.8,220.8,256.1,0.851,100017
77,565.6,395.7,611.7,421.1,0.852,100018
77,186.8,65.6,235.8,96.7,0.913,200019
77,183.8,35.1,229.8,63.7,0.918,200020
77,359.3,142.9,390.8,187.1,0.911,200021
77,445.1,138.6,473.4,183.0,0.909,200022
77,219.8,177.2,258.8,203.6,0.898,200023
77,392.5,34.3,422.1,68.9,0.885,200024
77,362.7,52.7,389.4,90.6,0.899,200025
77,184.1,0.0,216.1,34.1,0.891,200026
77,336.6,95.6,361.8,139.6,0.891,200027
77,454.9,103.0,502.9,131.4,0.903,200028
77,586.7,13.7,617.2,61.7,0.894,200029
77,569.5,191.7,600.3,225.8,0.888,200030
77,597.3,177.2,626.3,210.0,0.86,200031
77,183.9,157.0,220.6,188.7,0.858,200032
77,482.4,12.4,505.9,65.0,0.867,200033
77,593.4,206.1,632.4,230.8,0.827,200034
77,234.6,0.2,281.0,23.7,0.896,200035
77,184.7,180.0,221.3,199.2,0.737,200036
77,206.2,0.0,238.3,30.2,0.898,200037
78,579.7,238.4,627.8,266.8,0.915,100001
78,196.4,355.3,242.9,384.7,0.891,100002
78,314.7,278.5,356.3,309.2,0.916,100003
78,417.8,357.6,447.2,393.9,0.902,100004
78,194.4,382.8,235.9,408.8,0.906,100005
78,557.3,413.1,594.1,442.1,0.888,100006
78,192.2,255.1,232.0,285.0,0.881,100007
78,301.9,312.7,348.8,341.6,0.913,100008
78,189.3,296.7,220.1,335.1,0.902,100009
78,199.9,291.8,240.8,319.5,0.855,100010
78,212.8,210.3,241.4,253.1,0.885,100011
78,197.4,332.5,228.3,366.5,0.9,100012
78,582.8,380.1,630.8,404.3,0.885,100013
78,584.9,354.7,622.4,386.9,0.888,100014
78,586.8,413.5,624.1,439.6,0.709,100015
78,181.6,207.3,214.9,235.6,0.844,100016
78,180.7,234.0,220.8,256.2,0.854,100017
78,565.0,395.7,612.8,421.1,0.853,100018
78,186.3,65.6,235.4,96.7,0.91,200019
78,184.1,35.1,229.8,63.8,0.92,200020
78,359.5,142.0,390.7,184.7,0.907,200021
78,445.6,137.2,473.6,183.3,0.904,200022
78,222.0,177.4,258.0,203.7,0.88,200023
78,392.4,34.3,421.9,68.9,0.888,200024
78,363.3,52.5,389.4,91.1,0.898,200025
78,184.2,0.0,216.1,34.1,0.892,200026
78,336.6,96.5,362.0,139.7,0.889,200027
78,454.2,103.0,502.9,131.4,0.905,200028
78,586.8,13.7,617.2,61.6,0.894,200029
78,569.0,190.9,600.5,225.4,0.887,200030
78,597.2,177.0,631.4,212.3,0.869,200031
78,184.0,157.1,220.6,188.1,0.858,200032
78,482.9,12.2,506.2,65.1,0.865,200033
78,596.1,209.8,634.0,230.8,0.817,200034
78,234.6,0.1,280.8,23.7,0.899,200035
78,185.5,180.0,223.2,198.8,0.764,200036
78,206.9,0.0,238.1,30.1,0.898,200037
79,579.7,238.3,627.9,266.9,0.916,100001
79,196.3,355.2,243.0,384.8,0.881,100002
79,314.5,278.5,356.2,309.1,0.914,100003
79,417.7,357.5,447.4,394.1,0.902,100004
79,192.5,383.9,236.3,408.9,0.908,100005
79,557.4,413.2,594.1,442.2,0.888,100006
79,192.2,255.2,232.0,285.1,0.884,100007
79,301.8,312.6,349.6,341.8,0.915,100008
79,189.3,296.8,220.2,335.0,0.902,100009
79,200.0,291.7,240.8,319.6,0.856,100010
79,212.7,210.2,241.3,253.0,0.886,100011
79,197.2,332.4,228.2,366.9,0.892,100012
79,582.9,380.0,630.9,404.3,0.881,100013
79,585.0,354.7,622.5,387.2,0.889,100014
79,587.0,413.3,623.7,439.2,0.724,100015
79,181.7,207.4,214.7,236.1,0.822,100016
79,180.3,234.0,221.2,256.3,0.854,100017
79,565.0,395.8,612.7,421.0,0.861,100018
79,186.2,65.2,235.3,96.7,0.912,200019
79,184.7,35.0,229.7,63.8,0.92,200020
79,359.9,140.6,392.7,184.1,0.907,200021
79,446.0,138.4,474.0,183.4,0.907,200022
79,222.1,177.3,257.9,203.7,0.878,200023
79,392.1,34.6,421.8,69.0,0.886,200024
79,363.7,52.6,389.4,91.1,0.897,200025
79,184.1,0.0,216.0,34.1,0.889,200026
79,336.9,96.5,362.3,140.1,0.893,200027
79,454.3,103.1,502.9,131.4,0.904,200028
79,586.8,13.5,617.2,61.8,0.895,200029
79,568.8,191.2,601.0,225.6,0.881,200030
79,597.3,177.1,631.4,212.4,0.881,200031
79,184.0,157.1,220.4,188.3,0.866,200032
79,482.9,15.9,506.1,64.7,0.86,200033
79,598.3,209.8,633.6,231.0,0.749,200034
79,234.3,0.1,280.5,23.8,0.899,200035
79,185.3,180.2,223.5,199.1,0.799,200036
79,206.7,0.0,237.7,30.3,0.894,200037
80,579.8,238.4,628.0,266.8,0.92,100001
80,196.6,355.3,243.0,385.0,0.855,100002
80,314.4,278.6,356.7,308.7,0.912,100003
80,417.9,357.6,447.3,394.0,0.901,100004
80,192.5,383.9,236.3,408.6,0.905,100005
80,557.6,413.3,594.1,442.2,0.889,100006
80,192.3,255.4,232.1,285.0,0.884,100007
80,302.1,312.6,349.1,341.3,0.916,100008
80,189.2,296.9,220.4,335.0,0.903,100009
80,200.1,291.7,240.8,319.6,0.86,100010
80,212.5,210.1,241.3,252.9,0.885,100011
80,197.0,332.4,228.3,367.8,0.888,100012
80,582.9,380.0,630.9,404.4,0.88,100013
80,584.8,354.6,622.6,387.5,0.89,100014
80,586.9,413.7,623.6,439.3,0.717,100015
80,182.3,207.7,214.9,236.6,0.819,100016
80,180.2,234.3,221.6,256.5,0.854,100017
80,565.6,395.9,612.6,421.0,0.854,100018
80,186.2,64.8,235.4,96.5,0.913,200019
80,184.8,35.0,229.9,63.7,0.917,200020
80,360.4,141.2,392.0,184.3,0.903,200021
80,446.2,137.9,473.7,182.7,0.903,200022
80,220.0,177.3,258.2,203.5,0.892,200023
80,392.0,34.2,421.8,68.8,0.888,200024
80,363.8,52.7,389.4,91.1,0.897,200025
80,184.1,0.0,216.0,34.2,0.883,200026
80,336.9,96.4,362.3,140.2,0.892,200027
80,454.8,102.9,502.9,131.1,0.901,200028
80,586.9,13.4,617.2,61.8,0.891,200029
80,568.1,191.3,601.7,225.7,0.861,200030
80,597.4,177.0,631.2,213.9,0.874,200031
80,183.9,157.1,220.4,187.9,0.855,200032
80,483.0,18.3,506.1,64.6,0.861,200033
80,600.5,210.9,633.7,231.0,0.836,200034
80,234.7,0.1,280.4,23.9,0.894,200035
80,185.1,180.0,222.0,199.1,0.752,200036
80,206.5,0.0,237.6,30.2,0.89,200037
81,579.8,238.3,628.0,266.8,0.919,100001
81,196.2,355.7,243.0,385.2,0.884,100002
81,313.9,278.6,357.6,307.1,0.908,100003
81,417.8,357.4,447.3,393.8,0.903,100004
81,192.6,383.9,236.2,408.5,0.904,100005
81,557.5,413.4,594.2,442.1,0.89,100006
81,192.3,255.4,232.0,284.7,0.886,100007
81,302.2,312.5,349.7,341.2,0.914,100008
81,189.4,297.0,220.4,335.1,0.903,100009
81,200.1,291.6,240.7,319.4,0.859,100010
81,212.5,210.0,241.2,252.8,0.885,100011
81,197.0,332.6,228.2,366.6,0.901,100012
81,582.9,380.0,631.0,404.5,0.878,100013
81,584.6,354.6,622.6,387.4,0.889,100014
81,586.7,414.1,623.6,439.4,0.726,100015
81,181.6,207.8,214.8,237.5,0.823,100016
81,179.9,234.4,221.3,256.4,0.847,100017
81,565.0,395.9,612.8,421.1,0.853,100018
81,186.5,64.7,235.3,96.4,0.913,200019
81,184.7,35.1,230.0,63.7,0.917,200020
81,360.1,141.2,392.0,184.4,0.905,200021
81,445.0,138.0,473.7,183.5,0.905,200022
81,220.3,177.2,258.1,203.4,0.892,200023
81,392.5,33.8,422.0,68.9,0.889,200024
81,364.0,52.8,390.0,90.8,0.898,200025
81,184.2,0.0,216.0,34.1,0.886,200026
81,337.0,96.8,362.1,139.7,0.889,200027
81,454.4,103.1,503.0,131.4,0.903,200028
81,586.9,13.6,617.3,61.7,0.895,200029
81,567.7,190.8,601.8,225.5,0.834,200030
81,597.6,177.0,631.3,214.4,0.874,200031
81,183.9,157.0,220.8,187.8,0.858,200032
81,483.0,18.5,505.9,65.0,0.86,200033
81,601.1,210.7,633.6,230.7,0.86,200034
81,234.6,0.1,280.9,23.9,0.894,200035
81,185.1,180.1,222.0,199.5,0.769,200036
81,206.4,0.1,237.8,29.9,0.89,200037
82,579.9,238.3,628.1,266.8,0.919,100001
82,196.9,355.7,242.8,385.2,0.883,100002
82,313.3,278.8,356.9,307.2,0.908,100003
82,417.7,357.3,447.2,393.9,0.903,100004
82,192.4,383.8,236.2,408.7,0.902,100005
82,557.4,413.1,594.2,442.1,0.889,100006
82,192.4,255.5,232.0,284.8,0.89,100007
82,302.3,312.4,348.7,340.9,0.912,100008
82,189.3,296.9,220.3,335.1,0.902,100009
82,200.0,291.5,240.7,319.6,0.858,100010
82,212.6,210.1,241.3,252.9,0.885,100011
82,196.9,332.7,228.3,366.8,0.898,100012
82,582.8,380.0,631.0,404.6,0.878,100013
82,584.7,354.6,622.7,387.3,0.888,100014
82,586.7,415.5,623.5,439.4,0.736,100015
82,181.0,207.8,214.8,237.1,0.833,100016
82,180.5,234.4,220.8,256.4,0.849,100017
82,565.0,395.8,613.0,421.1,0.852,100018
82,187.1,64.9,235.5,96.5,0.914,200019
82,184.7,35.0,229.8,63.8,0.918,200020
82,359.3,141.4,391.0,185.2,0.91,200021
82,444.4,138.8,473.3,184.8,0.903,200022
82,221.5,177.2,258.3,203.6,0.883,200023
82,392.5,34.4,422.3,68.9,0.891,200024
82,364.1,52.6,390.3,90.4,0.903,200025
82,184.2,0.0,216.0,34.0,0.884,200026
82,336.7,96.4,362.1,139.7,0.887,200027
82,454.4,103.5,503.0,131.8,0.9,200028
82,586.9,13.6,617.3,61.6,0.898,200029
82,568.1,191.0,601.7,225.6,0.836,200030
82,597.7,177.1,631.0,214.7,0.866,200031
82,183.8,157.0,220.9,187.8,0.855,200032
82,483.3,18.9,505.9,65.1,0.86,200033
82,601.8,211.1,633.4,231.0,0.842,200034
82,234.4,0.1,280.0,23.8,0.892,200035
82,185.1,180.3,223.5,199.6,0.792,200036
82,206.2,0.0,237.8,30.0,0.881,200037
83,579.8,238.4,627.9,266.8,0.916,100001
83,196.9,355.7,243.1,385.3,0.889,100002
83,313.8,278.6,356.1,307.4,0.91,100003
83,417.7,357.2,447.2,393.8,0.903,100004
83,192.2,383.9,236.0,408.8,0.902,100005
83,557.2,413.7,593.9,442.3,0.89,100006
83,192.3,255.7,232.0,284.8,0.891,100007
83,301.9,312.3,348.5,341.2,0.912,100008
83,189.3,296.4,220.2,335.2,0.9,100009
83,199.8,291.5,240.7,319.6,0.853,100010
83,212.5,210.0,241.3,252.9,0.886,100011
83,197.2,332.5,228.3,366.7,0.903,100012
83,582.9,379.9,631.0,404.5,0.877,100013
83,584.9,354.6,622.9,387.1,0.889,100014
83,586.6,415.0,623.5,439.2,0.722,100015
83,180.7,207.8,214.9,237.0,0.836,100016
83,180.7,234.3,221.0,256.5,0.848,100017
83,565.1,396.0,613.2,421.1,0.836,100018
83,187.2,65.0,235.4,96.5,0.913,200019
83,184.7,35.0,229.8,63.7,0.919,200020
83,359.2,142.3,390.9,186.6,0.911,200021
83,445.3,138.6,473.4,184.5,0.9,200022
83,221.2,177.2,258.1,203.7,0.884,200023
83,392.6,34.4,422.6,69.1,0.893,200024
83,364.2,52.7,390.4,90.1,0.9,200025
83,184.1,0.0,216.0,34.1,0.885,200026
83,336.4,96.3,361.5,140.1,0.887,200027
83,453.9,103.5,503.0,131.7,0.905,200028
83,586.8,13.5,617.3,61.6,0.894,200029
83,568.1,191.4,602.3,225.9,0.834,200030
83,597.6,177.1,630.7,214.6,0.862,200031
83,184.0,157.2,220.6,187.7,0.867,200032
83,483.1,21.6,506.0,65.3,0.865,200033
83,602.2,210.1,633.2,231.2,0.816,200034
83,233.9,0.2,279.9,23.8,0.887,200035
83,185.7,180.6,224.0,199.7,0.798,200036
83,206.2,0.0,238.0,30.3,0.881,200037
84,579.6,238.7,627.8,266.9,0.916,100001
84,197.0,355.7,243.0,385.7,0.891,100002
84,314.3,278.0,356.0,307.0,0.907,100003
84,417.6,356.8,447.2,393.8,0.893,100004
84,192.4,383.9,236.3,408.6,0.902,100005
84,557.0,413.3,594.0,442.4,0.892,100006
84,192.3,255.8,231.9,285.6,0.891,100007
84,301.7,312.2,349.6,341.2,0.911,100008
84,189.0,296.0,220.2,335.0,0.902,100009
84,199.9,291.4,240.5,319.5,0.859,100010
84,212.8,210.2,241.6,252.6,0.882,100011
84,197.3,332.4,228.3,366.5,0.897,100012
84,583.0,380.2,630.9,404.5,0.878,100013
84,585.0,354.7,623.0,387.0,0.889,100014
84,586.8,412.9,623.5,439.0,0.697,100015
84,181.1,207.7,214.7,236.3,0.858,100016
84,181.4,235.0,221.4,256.5,0.85,100017
84,565.8,396.1,611.5,420.7,0.789,100018
84,187.8,65.0,235.4,96.4,0.912,200019
84,184.6,34.8,229.5,63.7,0.914,200020
84,359.3,142.7,390.7,185.3,0.908,200021
84,444.3,138.9,473.4,184.0,0.9,200022
84,219.9,177.1,258.7,203.7,0.891,200023
84,393.1,32.5,422.7,68.7,0.892,200024
84,364.3,52.7,390.5,90.2,0.899,200025
84,184.0,0.0,216.0,34.2,0.876,200026
84,336.6,95.7,361.5,139.8,0.893,200027
84,454.2,103.2,503.1,131.6,0.9,200028
84,586.8,13.5,617.3,62.1,0.898,200029
84,568.0,191.6,601.9,225.9,0.847,200030
84,597.2,177.3,631.0,216.2,0.866,200031
84,183.8,157.1,220.9,187.6,0.854,200032
84,483.0,22.4,506.1,65.4,0.861,200033
84,602.2,210.8,633.6,231.3,0.833,200034
84,235.0,0.3,280.8,23.7,0.89,200035
84,184.9,180.1,221.8,198.9,0.758,200036
84,205.9,0.0,238.2,29.9,0.881,200037
85,579.7,238.7,627.8,266.9,0.917,100001
85,197.1,355.8,243.2,385.8,0.891,100002
85,313.9,278.1,356.2,307.6,0.909,100003
85,417.7,358.4,447.1,393.5,0.891,100004
85,192.6,384.0,236.4,408.5,0.897,100005
85,557.4,413.4,594.0,442.3,0.892,100006
85,192.3,255.9,231.8,285.8,0.886,100007
85,302.4,312.2,350.0,340.6,0.91,100008
85,188.9,295.9,220.2,335.0,0.901,100009
85,200.5,291.5,240.6,319.6,0.858,100010
85,212.7,210.2,241.5,252.7,0.882,100011
85,197.3,332.4,228.3,366.5,0.896,100012
85,583.0,380.2,630.9,404.5,0.88,100013
85,584.7,354.6,623.0,387.0,0.889,100014
85,586.5,413.5,623.5,439.0,0.697,100015
85,180.9,207.9,214.7,236.1,0.862,100016
85,181.4,234.9,221.7,256.5,0.852,100017
85,565.7,396.0,611.2,420.7,0.79,100018
85,187.5,64.8,235.4,96.4,0.911,200019
85,184.2,34.8,229.8,63.5,0.911,200020
85,360.2,142.9,391.1,184.7,0.908,200021
85,443.8,139.7,473.4,183.9,0.904,200022
85,219.9,177.0,258.5,203.6,0.895,200023
85,393.1,33.2,422.9,68.5,0.889,200024
85,364.2,52.7,390.6,89.8,0.899,200025
85,184.0,0.0,216.0,34.2,0.882,200026
85,336.9,96.2,362.2,139.5,0.891,200027
85,454.8,103.2,503.2,131.7,0.899,200028
85,586.8,13.5,617.4,62.1,0.896,200029
85,568.1,191.3,601.6,226.0,0.877,200030
85,597.4,177.2,631.2,212.8,0.881,200031
85,184.1,157.0,221.0,186.9,0.861,200032
85,482.9,22.0,505.9,65.5,0.858,200033
85,602.1,209.7,635.7,231.2,0.86,200034
85,234.7,0.2,279.9,23.5,0.892,200035
85,185.6,180.1,221.5,199.1,0.745,200036
85,206.2,0.0,238.0,29.8,0.884,200037
86,579.7,238.6,628.1,266.8,0.917,100001
86,197.2,356.0,243.0,385.8,0.888,100002
86,313.8,278.0,355.8,307.5,0.91,100003
86,417.7,358.2,447.0,394.1,0.891,100004
86,192.5,384.0,236.6,408.4,0.899,100005
86,557.4,413.6,593.0,442.8,0.892,100006
86,192.4,255.8,231.9,285.5,0.888,100007
86,302.4,312.3,349.8,340.8,0.912,100008
86,189.1,295.8,220.1,335.2,0.9,100009
86,200.8,291.3,240.5,319.6,0.86,100010
86,212.6,210.2,241.6,252.9,0.884,100011
86,197.0,332.6,228.4,366.5,0.895,100012
86,582.9,380.1,630.9,404.6,0.88,100013
86,584.5,354.6,623.3,386.9,0.889,100014
86,587.1,411.5,623.5,438.9,0.697,100015
86,180.8,207.8,214.9,236.5,0.86,100016
86,181.5,235.0,220.9,256.5,0.847,100017
86,565.7,395.9,604.8,420.7,0.783,100018
86,187.5,64.5,235.0,96.2,0.912,200019
86,184.2,34.8,229.6,63.5,0.91,200020
86,359.4,141.3,391.2,184.5,0.907,200021
86,444.9,139.1,473.3,183.7,0.902,200022
86,219.8,177.1,258.1,203.6,0.892,200023
86,392.9,34.3,423.1,68.7,0.89,200024
86,364.3,52.8,390.5,89.9,0.899,200025
86,184.2,0.0,215.9,34.1,0.886,200026
86,336.9,95.9,361.8,139.3,0.89,200027
86,454.7,102.6,503.1,131.3,0.901,200028
86,586.8,13.6,617.4,61.8,0.895,200029
86,567.6,191.0,601.2,226.0,0.874,200030
86,597.4,177.2,631.2,213.4,0.877,200031
86,184.2,156.9,221.1,186.8,0.86,200032
86,483.0,22.0,505.9,65.8,0.857,200033
86,601.4,209.8,636.3,231.1,0.852,200034
86,233.8,0.1,279.8,23.4,0.894,200035
86,185.4,180.0,221.4,199.5,0.787,200036
86,205.5,0.0,238.0,29.5,0.88,200037
87,579.8,238.6,628.0,266.8,0.918,100001
87,197.2,356.1,242.9,385.9,0.893,100002
87,313.4,278.0,355.3,307.3,0.909,100003
87,417.6,357.9,447.1,394.3,0.898,100004
87,192.4,383.9,236.7,408.7,0.9,100005
87,557.3,413.5,592.9,443.0,0.892,100006
87,192.3,255.9,231.8,285.2,0.891,100007
87,302.4,312.4,350.0,340.7,0.912,100008
87,189.0,295.8,220.2,335.1,0.899,100009
87,200.6,291.3,240.8,319.6,0.86,100010
87,212.6,210.1,241.6,252.8,0.885,100011
87,196.9,332.7,228.4,366.3,0.901,100012
87,582.9,380.1,630.9,404.7,0.883,100013
87,584.6,354.6,623.5,386.8,0.889,100014
87,587.9,411.6,623.5,438.8,0.706,100015
87,180.9,207.9,214.8,236.5,0.858,100016
87,181.8,235.0,221.1,256.5,0.849,100017
87,565.6,395.8,606.2,420.9,0.791,100018
87,187.3,64.6,235.1,96.2,0.912,200019
87,184.1,34.6,229.5,63.5,0.911,200020
87,358.7,142.2,390.2,185.6,0.91,200021
87,445.1,139.1,473.2,183.8,0.901,200022
87,219.7,177.1,257.8,203.4,0.892,200023
87,392.4,33.9,422.7,68.3,0.888,200024
87,364.3,52.8,392.0,88.6,0.901,200025
87,184.2,0.0,215.9,34.1,0.884,200026
87,336.9,95.5,361.7,139.3,0.892,200027
87,456.7,98.9,503.0,128.5,0.906,200028
87,586.8,13.6,617.4,61.7,0.895,200029
87,567.7,191.7,601.8,226.0,0.88,200030
87,597.5,177.1,631.0,212.5,0.866,200031
87,184.0,157.1,221.0,186.8,0.858,200032
87,482.9,22.0,505.9,64.5,0.865,200033
87,601.1,207.1,635.6,231.3,0.859,200034
87,231.5,0.1,279.7,23.2,0.891,200035
87,185.3,179.9,220.8,199.2,0.775,200036
87,205.7,0.0,238.2,30.3,0.881,200037
87,597.8,230.9,644.3,241.6,0.449,200039
88,579.8,238.8,628.0,266.8,0.917,100001
88,198.2,356.2,242.8,385.9,0.898,100002
88,313.6,278.1,355.7,307.2,0.91,100003
88,417.5,357.9,447.0,393.8,0.897,100004
88,192.3,383.9,236.8,408.6,0.902,100005
88,557.3,413.3,593.0,442.9,0.891,100006
88,192.3,256.0,231.8,285.3,0.891,100007
88,301.7,312.4,350.5,340.9,0.913,100008
88,189.0,295.8,220.3,334.8,0.901,100009
88,200.3,291.3,240.5,319.4,0.859,100010
88,212.7,210.1,241.6,252.7,0.884,100011
88,197.1,332.7,228.4,365.9,0.902,100012
88,582.9,380.1,631.0,404.8,0.884,100013
88,584.8,354.7,623.6,386.6,0.889,100014
88,585.6,409.8,623.6,438.9,0.71,100015
88,180.6,207.9,214.7,236.5,0.852,100016
88,181.5,234.8,221.3,256.6,0.851,100017
88,565.7,395.8,605.5,420.6,0.795,100018
88,187.6,64.8,235.1,96.3,0.91,200019
88,184.4,33.7,229.5,63.5,0.913,200020
88,358.8,142.6,390.4,185.6,0.911,200021
88,445.6,138.2,473.3,184.2,0.906,200022
88,220.0,177.1,258.2,203.4,0.896,200023
88,391.5,32.8,420.9,68.3,0.905,200024
88,363.4,52.4,391.1,88.2,0.912,200025
88,184.3,0.0,215.9,34.0,0.883,200026
88,336.5,95.4,361.2,139.0,0.883,200027
88,456.1,98.4,502.8,128.1,0.907,200028
88,586.9,13.9,617.4,61.8,0.896,200029
88,567.9,190.5,599.2,224.9,0.887,200030
88,597.5,176.9,636.9,216.2,0.868,200031
88,184.1,157.1,221.2,186.9,0.861,200032
88,483.2,22.0,505.8,64.9,0.856,200033
88,595.8,208.8,628.4,230.6,0.794,200034
88,232.1,0.1,279.7,23.3,0.89,200035
88,185.3,180.0,221.8,198.3,0.743,200036
88,205.0,0.0,238.3,30.4,0.881,200037
89,579.6,238.6,627.9,266.8,0.919,100001
89,198.2,356.1,242.9,385.8,0.899,100002
89,313.7,278.0,355.9,308.0,0.909,100003
89,417.5,357.7,447.0,394.0,0.896,100004
89,192.4,383.7,236.9,408.4,0.903,100005
89,557.3,413.6,593.1,442.7,0.891,100006
89,192.2,256.0,231.6,286.0,0.887,100007
89,301.6,312.4,350.9,341.0,0.913,100008
89,189.0,295.9,220.3,335.0,0.901,100009
89,200.3,291.5,240.5,319.6,0.861,100010
89,212.5,210.1,241.7,252.7,0.884,100011
89,197.3,332.7,228.5,365.9,0.897,100012
89,582.9,380.2,631.1,404.7,0.884,100013
89,585.0,354.7,623.6,386.4,0.888,100014
89,586.0,409.2,623.5,439.0,0.749,100015
89,180.7,207.8,214.5,236.4,0.851,100016
89,181.1,234.9,221.3,256.6,0.849,100017
89,565.7,395.9,606.2,420.7,0.798,100018
89,187.8,64.8,235.0,96.3,0.909,200019
89,184.3,32.5,229.3,63.5,0.913,200020
89,358.9,143.3,390.3,185.4,0.908,200021
89,445.8,137.7,474.0,183.6,0.898,200022
89,220.0,177.0,258.5,203.5,0.896,200023
89,391.6,32.3,421.0,68.2,0.907,200024
89,362.0,52.6,394.7,86.9,0.915,200025
89,183.9,0.0,215.9,34.3,0.871,200026
89,336.4,97.3,361.3,139.2,0.891,200027
89,456.2,99.6,503.1,129.1,0.907,200028
89,586.8,13.8,617.3,61.9,0.897,200029
89,567.6,190.4,599.3,224.3,0.893,200030
89,597.9,176.4,625.9,209.9,0.877,200031
89,184.1,157.0,221.1,186.7,0.856,200032
89,483.4,22.0,505.7,64.7,0.857,200033
89,597.9,196.2,640.2,231.2,0.908,200034
89,232.9,0.2,278.4,23.2,0.89,200035
89,185.3,179.9,222.1,197.4,0.721,200036
89,205.1,0.0,238.0,30.5,0.872,200037
90,579.6,238.6,628.0,266.8,0.92,100001
90,198.7,356.1,243.1,385.7,0.897,100002
90,314.0,275.5,356.5,306.0,0.901,100003
90,417.6,357.7,447.0,394.1,0.899,100004
90,192.4,383.7,236.6,408.4,0.904,100005
90,557.2,413.9,593.0,442.5,0.892,100006
90,192.1,256.0,231.7,286.0,0.89,100007
90,301.8,312.4,352.1,340.9,0.913,100008
90,189.0,296.0,220.2,335.2,0.902,100009
90,200.3,291.4,240.8,319.7,0.862,100010
90,212.4,210.2,241.5,252.8,0.88,100011
90,197.4,332.6,228.6,366.3,0.887,100012
90,583.0,380.1,631.0,404.5,0.887,100013
90,584.7,354.7,623.6,386.4,0.889,100014
90,586.9,410.7,623.4,438.9,0.759,100015
90,180.5,207.8,214.6,236.3,0.858,100016
90,181.0,234.9,221.2,256.6,0.849,100017
90,565.7,396.0,610.6,420.9,0.825,100018
90,187.7,64.5,234.9,96.2,0.91,200019
90,185.5,30.9,229.2,63.7,0.923,200020
90,358.9,143.3,391.1,185.0,0.908,200021
90,446.0,138.2,473.8,183.3,0.904,200022
90,219.9,177.0,258.5,203.5,0.897,200023
90,391.9,34.1,421.2,68.1,0.895,200024
90,364.7,49.2,397.0,83.3,0.897,200025
90,183.7,0.0,215.8,34.0,0.876,200026
90,336.5,97.3,361.3,139.2,0.892,200027
90,456.3,100.6,503.2,129.2,0.908,200028
90,587.0,13.8,617.2,61.9,0.891,200029
90,568.2,190.6,599.9,224.9,0.88,200030
90,598.3,176.2,625.9,210.9,0.878,200031
90,184.2,156.9,221.1,186.7,0.859,200032
90,483.3,22.0,505.7,64.9,0.852,200033
90,599.2,191.7,638.5,231.5,0.912,200034
90,232.5,0.2,276.8,23.1,0.885,200035
90,185.3,179.6,221.7,197.7,0.736,200036
90,204.8,0.0,237.3,30.5,0.878,200037
90,598.9,230.7,645.0,241.2,0.332,200039
91,579.6,238.6,628.0,266.8,0.92,100001
91,198.7,356.1,243.1,385.7,0.898,100002
91,313.9,275.5,356.5,306.0,0.901,100003
91,417.6,357.7,447.0,394.1,0.899,100004
91,192.4,383.7,236.6,408.4,0.903,100005
91,557.2,413.9,593.0,442.5,0.891,100006
91,192.1,256.0,231.7,286.0,0.89,100007
91,301.8,312.4,352.2,340.9,0.913,100008
91,189.0,296.0,220.2,335.2,0.901,100009
91,200.4,291.4,240.8,319.6,0.862,100010
91,212.4,210.2,241.5,252.8,0.88,100011
91,197.4,332.6,228.6,366.3,0.886,100012
91,583.0,380.1,631.0,404.5,0.887,100013
91,584.7,354.7,623.6,386.5,0.889,100014
91,586.9,410.6,623.4,438.9,0.762,100015
91,180.4,207.9,214.6,236.3,0.858,100016
91,180.9,234.9,221.1,256.6,0.85,100017
91,565.7,396.0,610.9,420.9,0.826,100018
91,187.7,64.5,234.9,96.2,0.91,200019
91,185.5,30.9,229.2,63.7,0.923,200020
91,358.9,143.3,391.0,185.0,0.908,200021
91,446.0,138.2,473.8,183.3,0.904,200022
91,219.9,177.0,258.6,203.5,0.897,200023
91,391.9,34.2,421.2,68.1,0.895,200024
91,364.7,49.2,397.0,83.2,0.897,200025
91,183.7,0.0,215.8,34.0,0.876,200026
91,336.5,97.3,361.3,139.2,0.891,200027
91,456.4,100.6,503.2,129.2,0.908,200028
91,587.0,13.8,617.2,61.9,0.891,200029
91,568.2,190.6,599.9,224.9,0.88,200030
91,598.3,176.2,625.9,210.9,0.878,200031
91,184.2,156.9,221.1,186.7,0.857,200032
91,483.3,22.0,505.7,64.9,0.853,200033
91,599.2,191.7,638.5,231.5,0.911,200034
91,232.3,0.2,276.8,23.1,0.885,200035
91,185.3,179.6,221.7,197.6,0.739,200036
91,204.9,0.0,237.3,30.5,0.878,200037
91,598.8,230.7,644.8,241.1,0.326,200039
92,579.6,238.5,628.1,266.7,0.918,100001
92,198.8,355.7,243.1,385.5,0.899,100002
92,314.6,278.4,356.9,307.1,0.904,100003
92,418.2,359.0,447.4,394.5,0.9,100004
92,191.7,383.5,236.5,408.6,0.905,100005
92,557.1,413.3,593.0,442.9,0.892,100006
92,192.3,256.0,231.7,286.1,0.886,100007
92,301.8,312.4,350.5,340.8,0.913,100008
92,189.0,296.0,220.3,335.2,0.901,100009
92,200.2,291.3,240.9,319.6,0.863,100010
92,212.7,210.4,241.6,252.7,0.885,100011
92,197.4,332.5,228.5,365.9,0.887,100012
92,583.0,380.1,631.0,404.5,0.889,100013
92,584.7,354.7,623.8,386.3,0.885,100014
92,586.7,409.9,623.4,438.8,0.728,100015
92,180.9,207.7,214.8,236.3,0.859,100016
92,181.5,234.7,221.1,256.5,0.854,100017
92,565.6,395.9,608.2,420.9,0.813,100018
92,187.5,64.5,235.0,96.2,0.91,200019
92,185.6,30.7,229.5,63.8,0.92,200020
92,359.0,143.1,391.2,184.5,0.905,200021
92,446.7,136.7,473.7,183.6,0.902,200022
92,219.7,176.9,258.8,203.6,0.896,200023
92,391.8,33.2,421.2,68.1,0.895,200024
92,364.7,50.5,396.1,84.5,0.9,200025
92,184.0,0.0,215.9,33.4,0.88,200026
92,336.5,95.8,361.3,139.4,0.886,200027
92,457.7,99.3,503.3,128.7,0.904,200028
92,586.9,13.7,617.3,61.7,0.899,200029
92,568.1,190.9,600.0,225.1,0.873,200030
92,598.4,176.2,625.6,209.9,0.879,200031
92,184.0,157.0,221.0,186.8,0.856,200032
92,483.4,22.5,505.7,65.8,0.851,200033
92,598.5,192.4,638.0,231.5,0.912,200034
92,232.1,0.1,276.9,23.1,0.887,200035
92,185.1,179.6,221.4,197.1,0.728,200036
92,205.0,0.0,236.4,30.4,0.881,200037
92,599.2,230.6,642.9,241.2,0.344,200039
93,579.6,238.5,628.0,266.6,0.916,100001
93,198.9,355.7,243.5,385.7,0.901,100002
93,314.2,278.5,356.3,307.8,0.908,100003
93,418.3,360.4,447.1,395.5,0.898,100004
93,191.3,383.6,236.4,408.6,0.9,100005
93,557.1,413.5,593.0,442.9,0.893,100006
93,192.3,256.1,231.7,285.9,0.888,100007
93,301.9,312.5,351.4,340.9,0.915,100008
93,189.1,295.9,220.6,334.8,0.899,100009
93,200.5,291.3,240.6,319.5,0.86,100010
93,212.7,210.4,241.6,252.6,0.891,100011
93,197.2,332.7,228.6,365.8,0.895,100012
93,582.9,380.0,631.1,404.7,0.883,100013
93,584.6,354.9,623.7,386.8,0.886,100014
93,585.0,409.3,623.5,438.9,0.767,100015
93,181.4,207.7,214.7,236.4,0.857,100016
93,181.8,234.7,221.1,256.6,0.854,100017
93,565.7,395.9,606.2,420.8,0.816,100018
93,187.6,64.6,235.0,96.2,0.911,200019
93,184.3,30.9,229.4,63.5,0.919,200020
93,358.8,142.7,391.3,184.5,0.906,200021
93,446.4,134.8,473.1,182.7,0.905,200022
93,219.7,177.1,259.1,203.6,0.897,200023
93,391.8,32.6,421.0,68.4,0.905,200024
93,361.3,51.6,392.2,86.8,0.91,200025
93,184.0,0.0,215.9,33.6,0.881,200026
93,336.5,95.8,361.6,139.9,0.887,200027
93,458.8,96.9,503.0,126.6,0.91,200028
93,586.9,13.7,617.4,61.6,0.899,200029
93,568.1,191.1,600.4,225.4,0.868,200030
93,598.4,176.3,625.8,210.9,0.884,200031
93,184.0,157.1,221.0,187.1,0.871,200032
93,483.3,24.5,505.8,65.1,0.859,200033
93,598.5,192.6,637.7,231.4,0.911,200034
93,232.0,0.1,276.9,23.1,0.89,200035
93,185.8,179.9,221.3,198.7,0.757,200036
93,205.4,0.0,234.9,31.0,0.891,200037
94,579.7,238.5,628.1,266.7,0.919,100001
94,199.2,355.7,243.6,385.4,0.901,100002
94,313.7,278.4,355.9,308.1,0.912,100003
94,418.2,360.5,447.2,395.0,0.903,100004
94,191.2,383.5,236.5,408.4,0.9,100005
94,557.0,413.5,593.2,442.7,0.893,100006
94,192.2,256.1,231.6,285.4,0.892,100007
94,301.8,312.7,351.9,341.6,0.918,100008
94,189.2,295.9,220.3,335.0,0.899,100009
94,200.5,291.4,240.5,319.5,0.858,100010
94,212.5,210.5,241.7,252.7,0.885,100011
94,197.1,332.7,228.6,366.0,0.899,100012
94,582.8,380.0,630.9,404.8,0.88,100013
94,584.8,354.9,623.7,387.1,0.889,100014
94,585.1,409.9,623.5,438.9,0.786,100015
94,181.9,207.7,214.9,236.9,0.849,100016
94,181.1,234.8,221.4,256.7,0.846,100017
94,565.7,395.9,606.4,420.6,0.816,100018
94,186.9,64.7,234.8,96.2,0.91,200019
94,184.3,31.0,229.3,63.6,0.919,200020
94,358.7,143.1,391.5,184.2,0.906,200021
94,447.4,133.8,471.5,180.0,0.897,200022
94,219.8,177.0,258.5,203.6,0.893,200023
94,392.6,33.0,421.2,69.2,0.898,200024
94,358.6,51.7,389.6,88.3,0.908,200025
94,184.0,0.0,215.9,33.7,0.879,200026
94,336.7,96.0,361.7,139.2,0.884,200027
94,457.8,96.7,503.1,126.2,0.912,200028
94,586.8,13.7,617.5,61.8,0.902,200029
94,568.4,191.2,600.6,225.4,0.872,200030
94,598.3,176.5,630.3,212.1,0.825,200031
94,184.3,157.0,220.9,187.3,0.869,200032
94,483.4,24.7,505.7,65.0,0.861,200033
94,598.6,193.5,632.7,231.4,0.882,200034
94,231.7,0.1,276.3,23.2,0.89,200035
94,185.8,180.0,221.7,198.5,0.746,200036
94,205.3,0.0,235.7,31.3,0.891,200037
95,579.7,238.2,628.1,266.7,0.919,100001
95,199.1,355.7,243.5,385.1,0.902,100002
95,313.6,278.3,356.0,308.1,0.911,100003
95,418.1,360.3,447.1,394.8,0.9,100004
95,191.2,383.4,236.4,408.4,0.902,100005
95,557.1,413.5,593.3,442.6,0.891,100006
95,192.2,256.1,231.6,285.7,0.892,100007
95,301.5,312.7,351.1,341.6,0.919,100008
95,189.1,295.8,220.2,335.1,0.9,100009
95,200.1,291.4,240.5,319.5,0.861,100010
95,212.5,210.6,241.7,252.7,0.886,100011
95,197.3,332.8,228.7,366.1,0.9,100012
95,582.8,379.9,631.0,404.9,0.881,100013
95,584.9,354.8,623.7,387.1,0.888,100014
95,585.6,410.2,623.5,438.9,0.807,100015
95,182.1,207.7,214.8,237.6,0.848,100016
95,181.0,235.2,221.2,256.8,0.841,100017
95,565.8,395.9,609.6,420.7,0.827,100018
95,186.8,64.6,234.8,96.2,0.911,200019
95,184.1,31.1,229.2,63.5,0.919,200020
95,358.9,143.9,393.7,184.0,0.906,200021
95,448.1,133.5,472.0,179.6,0.892,200022
95,219.7,177.1,258.0,203.6,0.892,200023
95,392.2,34.7,421.8,69.2,0.893,200024
95,358.5,51.7,389.7,88.4,0.908,200025
95,183.5,0.0,216.0,33.8,0.873,200026
95,336.8,95.9,361.5,139.4,0.885,200027
95,455.0,96.3,502.1,127.1,0.904,200028
95,586.9,13.7,617.3,62.0,0.898,200029
95,567.7,191.2,600.9,225.6,0.878,200030
95,598.2,176.6,631.5,213.5,0.848,200031
95,184.2,156.9,220.9,187.5,0.862,200032
95,483.4,24.9,505.6,65.1,0.857,200033
95,599.6,195.0,632.6,231.5,0.786,200034
95,232.7,0.1,276.4,23.4,0.888,200035
95,185.7,179.3,221.1,198.8,0.722,200036
95,205.5,0.0,236.9,32.0,0.899,200037
95,598.7,230.7,642.9,241.1,0.435,200039
96,579.7,238.5,628.1,266.8,0.916,100001
96,199.5,355.6,243.5,384.8,0.9,100002
96,313.5,278.2,356.3,306.0,0.9,100003
96,418.0,360.2,447.1,394.8,0.894,100004
96,191.2,383.4,236.5,408.7,0.901,100005
96,557.5,413.4,593.1,442.5,0.893,100006
96,191.9,256.0,232.0,285.3,0.894,100007
96,301.7,312.6,351.5,341.2,0.915,100008
96,188.9,296.0,220.5,334.9,0.899,100009
96,199.6,291.4,240.6,319.4,0.86,100010
96,212.4,210.7,241.6,252.9,0.885,100011
96,197.4,332.6,228.7,366.2,0.895,100012
96,582.9,380.0,630.9,404.8,0.888,100013
96,584.6,354.7,623.6,387.0,0.891,100014
96,586.9,412.1,623.3,438.6,0.793,100015
96,182.3,207.7,214.9,237.6,0.849,100016
96,180.3,234.8,221.4,256.7,0.847,100017
96,565.7,395.8,612.6,420.9,0.858,100018
96,186.5,64.4,235.0,96.2,0.912,200019
96,184.5,31.3,229.9,63.5,0.92,200020
96,358.7,144.0,393.4,183.8,0.91,200021
96,448.2,133.3,471.8,180.0,0.9,200022
96,220.0,176.9,258.3,203.6,0.894,200023
96,391.9,33.3,421.4,69.3,0.892,200024
96,357.7,50.8,389.3,88.3,0.906,200025
96,184.0,0.0,215.9,33.7,0.879,200026
96,336.7,96.3,361.9,139.6,0.89,200027
96,452.0,95.8,495.2,127.7,0.912,200028
96,586.9,13.6,617.2,62.0,0.898,200029
96,568.1,191.1,600.8,225.5,0.884,200030
96,598.3,177.0,631.6,213.1,0.866,200031
96,183.9,157.1,220.7,187.5,0.874,200032
96,483.5,24.8,505.6,65.2,0.844,200033
96,600.7,195.7,632.4,231.9,0.77,200034
96,233.1,0.1,275.1,23.7,0.89,200035
96,185.7,179.5,220.8,197.6,0.743,200036
96,205.5,0.0,237.0,32.3,0.892,200037
96,601.2,231.9,638.7,240.5,0.307,200039
97,579.7,238.5,628.0,266.7,0.915,100001
97,199.5,355.5,243.4,384.8,0.899,100002
97,314.0,278.2,356.7,307.5,0.911,100003
97,418.1,360.1,447.1,394.6,0.897,100004
97,191.2,383.4,236.5,408.6,0.902,100005
97,557.4,413.2,593.3,442.7,0.893,100006
97,191.9,256.0,232.0,285.2,0.894,100007
97,301.9,312.5,349.7,341.0,0.911,100008
97,188.8,295.6,220.5,334.8,0.896,100009
97,199.7,291.2,240.7,319.6,0.86,100010
97,212.6,210.6,241.6,252.7,0.882,100011
97,197.4,332.6,228.6,366.3,0.892,100012
97,582.8,380.1,631.1,404.8,0.887,100013
97,584.4,354.7,623.8,387.0,0.891,100014
97,586.7,411.6,623.6,439.6,0.764,100015
97,182.2,207.7,214.9,237.6,0.852,100016
97,180.8,234.7,221.7,256.8,0.847,100017
97,565.7,395.9,612.1,421.0,0.851,100018
97,186.6,64.3,235.0,96.2,0.912,200019
97,185.2,31.3,230.0,63.6,0.921,200020
97,358.7,144.3,394.3,183.9,0.909,200021
97,448.1,133.9,471.8,180.2,0.901,200022
97,220.2,176.8,258.4,203.6,0.895,200023
97,391.8,32.4,421.3,68.8,0.901,200024
97,357.4,50.9,389.8,88.1,0.907,200025
97,184.1,0.0,216.0,33.6,0.884,200026
97,336.8,97.1,361.9,139.7,0.893,200027
97,453.9,91.2,497.0,123.4,0.82,200028
97,586.8,13.7,617.3,61.8,0.899,200029
97,568.3,191.2,600.8,225.5,0.883,200030
97,598.2,177.1,631.6,213.4,0.85,200031
97,184.1,157.1,220.6,187.4,0.873,200032
97,483.7,25.5,505.3,65.2,0.84,200033
97,600.4,195.4,632.4,231.8,0.748,200034
97,232.5,0.2,274.4,23.7,0.888,200035
97,186.1,179.9,221.2,197.0,0.756,200036
97,205.7,0.0,238.1,32.6,0.892,200037
98,579.8,238.4,627.9,266.7,0.913,100001
98,198.3,355.7,243.2,385.2,0.9,100002
98,313.9,278.0,357.0,308.6,0.913,100003
98,418.1,360.1,447.1,394.4,0.898,100004
98,191.3,383.5,236.3,408.4,0.905,100005
98,557.5,413.2,593.7,442.9,0.891,100006
98,191.9,256.0,231.9,285.1,0.895,100007
98,301.9,312.5,351.5,341.0,0.915,100008
98,188.8,295.5,220.5,335.0,0.895,100009
98,199.6,291.2,240.7,319.4,0.861,100010
98,212.5,210.4,241.7,252.6,0.883,100011
98,197.3,332.7,228.7,366.3,0.892,100012
98,583.0,380.1,631.2,404.7,0.884,100013
98,584.3,354.7,623.6,387.0,0.891,100014
98,586.0,412.2,623.6,439.6,0.765,100015
98,182.0,207.6,214.9,237.5,0.848,100016
98,180.7,234.7,221.6,256.8,0.849,100017
98,565.6,395.9,612.5,420.9,0.851,100018
98,186.7,64.5,234.9,96.1,0.912,200019
98,184.9,31.4,229.6,63.7,0.921,200020
98,358.8,146.0,395.9,183.9,0.915,200021
98,448.1,134.1,471.9,180.5,0.898,200022
98,220.1,176.9,258.4,203.7,0.893,200023
98,392.2,32.4,421.3,69.0,0.898,200024
98,358.4,50.5,389.8,88.2,0.907,200025
98,184.0,0.0,216.1,33.9,0.884,200026
98,337.3,98.2,362.2,139.6,0.894,200027
98,454.9,89.0,498.5,119.7,0.901,200028
98,586.7,13.6,617.2,61.5,0.896,200029
98,568.2,191.4,600.5,225.5,0.879,200030
98,597.8,177.3,632.4,214.3,0.848,200031
98,183.9,157.1,221.1,187.8,0.869,200032
98,483.7,25.4,505.4,65.0,0.839,200033
98,600.5,198.8,633.3,231.6,0.77,200034
98,232.0,0.2,274.4,23.5,0.886,200035
98,185.5,179.5,221.2,198.3,0.753,200036
98,205.7,0.0,237.5,32.8,0.895,200037
98,596.3,229.6,642.8,241.3,0.506,200039
99,579.8,238.5,627.8,266.7,0.911,100001
99,198.2,355.7,242.9,385.3,0.901,100002
99,313.9,278.0,356.3,308.5,0.912,100003
99,418.1,360.1,447.2,394.7,0.893,100004
99,191.3,383.5,236.4,408.4,0.907,100005
99,557.3,413.3,593.6,442.7,0.89,100006
99,191.7,256.3,231.4,284.7,0.894,100007
99,301.8,312.6,350.8,340.7,0.91,100008
99,188.9,295.4,220.5,335.0,0.896,100009
99,199.9,291.3,240.6,319.5,0.861,100010
99,212.5,210.4,241.6,252.4,0.884,100011
99,197.2,332.8,228.9,365.9,0.895,100012
99,583.0,380.0,631.1,404.8,0.883,100013
99,584.5,354.7,623.6,387.0,0.89,100014
99,585.7,412.6,623.6,439.7,0.762,100015
99,181.6,207.6,214.8,237.3,0.848,100016
99,180.3,234.6,221.3,257.1,0.852,100017
99,565.6,395.9,612.5,421.0,0.839,100018
99,186.8,64.6,234.8,96.1,0.911,200019
99,184.2,32.9,229.9,63.7,0.915,200020
99,358.5,146.2,397.1,184.4,0.913,200021
99,447.8,134.2,471.8,180.5,0.898,200022
99,220.1,177.0,258.3,203.7,0.89,200023
99,391.4,32.4,421.0,68.6,0.902,200024
99,358.2,50.7,389.7,88.4,0.905,200025
99,184.0,0.0,216.0,34.1,0.885,200026
99,337.1,99.0,362.0,139.5,0.894,200027
99,455.2,92.9,501.8,122.5,0.887,200028
99,586.7,13.8,617.2,61.9,0.896,200029
99,568.1,191.3,600.1,225.8,0.877,200030
99,597.7,177.4,626.2,212.5,0.851,200031
99,183.9,157.0,221.0,187.5,0.862,200032
99,484.3,25.4,505.4,65.2,0.815,200033
99,602.4,201.2,633.5,231.9,0.831,200034
99,231.1,0.3,274.4,23.6,0.889,200035
99,184.9,180.6,221.5,198.2,0.785,200036
99,205.7,0.0,237.4,33.4,0.894,200037
99,595.3,230.4,644.2,241.6,0.644,200039
