frame,x1,y1,x2,y2,conf,track_id
0,348.2,228.1,425.4,270.4,0.939,100001
0,415.2,302.9,493.3,350.4,0.935,100002
0,411.4,351.0,462.0,416.4,0.934,100003
0,249.7,239.7,313.3,302.1,0.932,100004
0,437.0,233.6,498.0,290.5,0.932,100005
0,260.9,365.3,327.7,432.9,0.93,100006
0,541.7,357.6,590.8,427.9,0.928,100007
0,490.9,226.4,546.7,275.1,0.925,100008
0,583.1,357.1,630.9,423.2,0.921,100009
0,181.3,289.5,260.1,335.2,0.921,100010
0,190.8,331.3,246.6,382.5,0.918,100011
0,230.3,354.1,275.5,425.0,0.913,100012
0,176.5,241.3,249.0,288.2,0.912,100013
0,468.4,374.8,508.3,443.7,0.911,100014
0,194.5,363.2,242.5,417.0,0.906,100015
0,186.1,225.0,258.1,253.9,0.881,100016
0,230.9,18.7,280.0,86.6,0.943,200017
0,571.0,7.6,632.8,67.5,0.942,200018
0,369.6,3.9,426.5,63.4,0.938,200019
0,402.3,42.9,473.5,95.2,0.937,200020
0,162.5,1.1,227.0,67.4,0.933,200021
0,182.5,164.6,244.2,215.4,0.931,200022
0,577.7,122.9,636.9,186.3,0.93,200023
0,168.3,116.2,253.8,164.3,0.93,200024
0,240.2,144.4,286.9,215.8,0.93,200025
0,432.4,111.4,494.2,173.4,0.929,200026
0,447.0,2.4,516.0,56.6,0.927,200027
0,566.4,174.6,639.8,219.1,0.926,200028
0,174.5,65.7,227.0,134.7,0.919,200029
0,316.3,152.0,362.1,217.3,0.912,200030
0,500.3,175.1,569.8,223.9,0.902,200031
0,281.6,157.5,319.2,216.0,0.899,200032
1,348.2,228.0,425.6,270.5,0.94,100001
1,415.3,302.8,493.3,350.2,0.934,100002
1,411.4,350.9,461.9,416.5,0.936,100003
1,249.6,239.6,313.4,302.4,0.935,100004
1,436.5,233.6,498.3,290.7,0.932,100005
1,260.8,365.4,327.9,433.0,0.931,100006
1,541.7,357.6,591.2,427.1,0.93,100007
1,491.1,226.5,546.5,275.2,0.928,100008
1,586.0,357.2,630.9,423.1,0.922,100009
1,180.7,289.9,260.1,334.9,0.921,100010
1,190.9,330.6,246.8,382.5,0.917,100011
1,230.4,354.0,275.5,425.4,0.914,100012
1,176.4,241.1,249.0,287.9,0.903,100013
1,468.4,374.8,508.1,443.5,0.912,100014
1,194.3,363.3,242.8,417.3,0.91,100015
1,186.1,225.1,257.7,253.9,0.885,100016
1,230.8,19.0,279.9,86.5,0.945,200017
1,571.2,7.5,632.6,67.4,0.943,200018
1,369.5,3.9,426.6,63.5,0.938,200019
1,402.7,43.0,473.6,95.1,0.935,200020
1,162.3,1.4,226.8,67.6,0.936,200021
1,182.5,164.5,244.2,215.4,0.932,200022
1,577.8,122.9,636.8,186.2,0.931,200023
1,168.3,116.1,254.3,164.3,0.932,200024
1,240.5,144.4,286.5,215.9,0.929,200025
1,432.3,111.4,494.8,173.6,0.929,200026
1,446.9,2.4,516.3,56.9,0.931,200027
1,566.5,174.6,639.8,219.5,0.931,200028
1,174.5,66.3,226.9,134.7,0.921,200029
1,316.3,151.9,362.3,217.3,0.92,200030
1,500.4,175.2,569.2,223.8,0.907,200031
1,281.6,156.9,319.3,215.9,0.907,200032
2,346.9,228.1,424.2,270.6,0.941,100001
2,413.8,301.9,491.9,350.0,0.936,100002
2,412.7,350.9,461.0,415.3,0.938,100003
2,248.0,239.8,311.9,302.6,0.936,100004
2,432.5,236.7,497.7,292.7,0.934,100005
2,260.0,365.3,325.6,433.2,0.931,100006
2,540.4,357.6,590.0,427.9,0.933,100007
2,488.9,227.5,544.2,274.8,0.916,100008
2,584.6,357.4,629.5,423.1,0.919,100009
2,177.6,290.0,259.0,336.0,0.928,100010
2,189.4,331.2,245.9,382.6,0.915,100011
2,227.8,354.2,274.0,425.8,0.923,100012
2,175.1,241.0,246.5,288.6,0.906,100013
2,467.3,374.6,507.4,447.0,0.912,100014
2,193.2,364.7,240.5,418.5,0.895,100015
2,184.5,224.7,257.4,254.2,0.838,100016
2,229.1,18.8,278.4,86.5,0.944,200017
2,569.7,7.7,631.0,67.2,0.942,200018
2,367.7,3.9,425.5,63.5,0.937,200019
2,401.1,43.0,472.7,95.0,0.938,200020
2,160.8,1.2,224.7,67.8,0.935,200021
2,180.7,164.7,242.6,215.5,0.932,200022
2,576.6,123.0,635.4,185.5,0.931,200023
2,165.7,115.9,252.3,164.3,0.935,200024
2,238.8,144.2,284.7,215.8,0.927,200025
2,430.8,111.1,493.1,173.7,0.93,200026
2,445.1,2.6,515.1,56.7,0.937,200027
2,565.4,174.4,638.5,219.1,0.924,200028
2,172.6,66.3,225.5,134.8,0.918,200029
2,314.9,151.8,361.0,217.5,0.918,200030
2,498.6,175.2,568.2,223.5,0.903,200031
2,279.8,157.1,318.3,216.0,0.908,200032
3,346.9,228.1,424.2,270.6,0.941,100001
3,413.8,301.9,491.9,350.0,0.936,100002
3,412.7,350.9,461.0,415.3,0.938,100003
3,248.0,239.8,311.8,302.6,0.936,100004
3,432.5,236.7,497.8,292.7,0.934,100005
3,260.0,365.2,325.6,433.2,0.931,100006
3,540.5,357.6,590.0,427.9,0.933,100007
3,489.0,227.5,544.3,274.8,0.916,100008
3,584.9,357.4,629.5,423.1,0.919,100009
3,177.6,290.0,259.0,336.0,0.928,100010
3,189.4,331.1,246.0,382.6,0.915,100011
3,227.8,354.2,274.1,425.8,0.923,100012
3,175.0,241.1,246.6,288.5,0.906,100013
3,467.3,374.6,507.4,447.0,0.912,100014
3,193.3,364.8,240.5,418.6,0.895,100015
3,184.4,224.5,257.5,254.2,0.845,100016
3,229.1,18.9,278.4,86.5,0.944,200017
3,569.7,7.7,631.0,67.2,0.943,200018
3,367.7,3.9,425.5,63.5,0.937,200019
3,401.1,42.9,472.7,95.0,0.938,200020
3,160.8,1.2,224.7,67.8,0.935,200021
3,180.7,164.7,242.6,215.4,0.932,200022
3,576.6,123.0,635.4,185.5,0.931,200023
3,165.7,115.6,251.9,164.2,0.935,200024
3,238.8,144.1,284.8,215.8,0.927,200025
3,430.8,111.1,493.1,173.8,0.93,200026
3,445.1,2.6,515.1,56.7,0.936,200027
3,565.3,174.4,638.6,219.2,0.924,200028
3,172.6,66.3,225.5,134.7,0.919,200029
3,314.9,151.8,361.0,217.5,0.919,200030
3,498.6,175.2,568.1,223.6,0.903,200031
3,279.8,157.1,318.3,216.0,0.908,200032
4,347.4,228.0,426.0,270.6,0.941,100001
4,415.4,301.7,492.8,349.8,0.937,100002
4,413.5,351.0,462.8,416.7,0.941,100003
4,249.7,240.2,313.3,302.5,0.936,100004
4,434.0,236.6,500.2,292.2,0.936,100005
4,260.6,365.6,328.4,432.7,0.93,100006
4,541.7,357.6,590.9,427.9,0.931,100007
4,492.3,227.2,546.7,275.7,0.914,100008
4,586.1,357.6,630.7,423.3,0.918,100009
4,178.3,290.4,260.0,335.1,0.92,100010
4,190.9,329.9,247.2,382.4,0.917,100011
4,229.8,354.1,275.7,425.0,0.916,100012
4,176.0,240.9,248.9,288.4,0.912,100013
4,468.2,374.0,508.1,447.3,0.913,100014
4,194.1,363.3,242.8,417.8,0.906,100015
4,186.3,225.2,257.6,254.1,0.874,100016
4,230.9,19.2,280.1,86.4,0.945,200017
4,571.3,7.4,632.5,67.4,0.939,200018
4,369.9,3.8,426.8,63.2,0.94,200019
4,402.1,43.0,473.9,94.9,0.938,200020
4,162.5,1.6,227.7,67.3,0.936,200021
4,182.5,164.6,243.8,215.3,0.93,200022
4,577.9,122.8,636.8,186.0,0.938,200023
4,167.9,116.0,253.6,164.2,0.935,200024
4,240.4,144.3,286.5,215.7,0.929,200025
4,432.5,107.6,493.4,173.6,0.936,200026
4,445.8,2.6,515.8,57.2,0.93,200027
4,566.3,174.3,639.5,219.1,0.925,200028
4,174.2,66.6,226.8,135.0,0.923,200029
4,316.2,152.2,362.3,217.4,0.919,200030
4,500.5,175.2,569.3,223.7,0.912,200031
4,281.5,157.0,319.4,216.0,0.907,200032
5,347.4,228.0,426.0,270.6,0.941,100001
5,415.3,301.7,492.8,349.8,0.937,100002
5,413.5,351.1,462.8,416.7,0.941,100003
5,249.7,240.2,313.2,302.5,0.936,100004
5,434.0,236.5,500.1,292.2,0.936,100005
5,260.6,365.6,328.4,432.7,0.93,100006
5,541.7,357.6,590.9,427.9,0.931,100007
5,492.2,227.1,546.7,275.7,0.914,100008
5,586.1,357.4,630.8,423.3,0.917,100009
5,178.3,290.3,260.1,335.1,0.92,100010
5,190.9,330.0,247.2,382.4,0.917,100011
5,229.8,354.1,275.7,425.1,0.916,100012
5,176.0,240.9,248.9,288.4,0.911,100013
5,468.2,374.0,508.2,447.4,0.915,100014
5,194.0,363.3,242.8,418.0,0.906,100015
5,186.4,225.3,257.7,254.1,0.874,100016
5,230.9,19.2,280.1,86.4,0.945,200017
5,571.3,7.4,632.5,67.4,0.94,200018
5,370.0,3.8,426.8,63.2,0.94,200019
5,402.1,43.0,473.9,94.9,0.938,200020
5,162.5,1.4,227.5,67.3,0.936,200021
5,182.5,164.6,243.7,215.3,0.93,200022
5,577.8,122.9,637.0,185.9,0.932,200023
5,167.9,116.0,253.6,164.2,0.935,200024
5,240.4,144.4,286.4,215.7,0.929,200025
5,432.5,107.6,493.4,173.6,0.936,200026
5,445.8,2.7,515.8,57.2,0.931,200027
5,566.3,174.3,639.5,219.1,0.924,200028
5,174.2,66.6,226.8,135.0,0.923,200029
5,316.2,152.3,362.3,217.4,0.919,200030
5,500.5,175.2,569.2,223.7,0.912,200031
5,281.5,157.0,319.4,216.0,0.907,200032
6,344.0,228.1,424.6,270.7,0.941,100001
6,413.5,301.3,491.7,350.0,0.939,100002
6,412.7,350.9,461.7,416.7,0.942,100003
6,248.3,239.6,311.8,302.8,0.936,100004
6,431.7,236.8,500.3,293.2,0.934,100005
6,260.2,365.2,326.9,431.8,0.935,100006
6,540.5,357.6,590.0,428.1,0.936,100007
6,488.6,228.0,545.4,275.7,0.914,100008
6,584.5,357.8,629.9,423.2,0.923,100009
6,177.5,290.6,258.7,335.3,0.925,100010
6,189.6,330.8,246.2,382.0,0.92,100011
6,227.8,354.1,274.4,425.2,0.923,100012
6,175.9,241.4,247.0,288.8,0.905,100013
6,467.3,373.8,507.8,446.9,0.916,100014
6,193.1,364.1,240.7,418.9,0.9,100015
6,184.9,225.1,258.5,254.2,0.869,100016
6,229.3,19.5,278.7,86.4,0.945,200017
6,569.8,7.2,631.1,67.0,0.939,200018
6,368.3,3.9,425.5,63.3,0.938,200019
6,401.1,43.0,472.9,95.0,0.94,200020
6,161.1,0.4,225.1,67.3,0.931,200021
6,181.3,164.8,242.1,215.4,0.931,200022
6,576.7,123.0,635.9,185.9,0.93,200023
6,166.0,115.8,252.3,164.2,0.937,200024
6,238.3,144.6,284.6,215.6,0.929,200025
6,432.5,106.8,492.6,174.1,0.935,200026
6,444.6,2.6,514.3,56.9,0.933,200027
6,565.6,174.6,638.8,219.1,0.924,200028
6,172.4,66.3,225.6,135.1,0.923,200029
6,315.1,152.0,360.9,217.4,0.916,200030
6,498.7,175.1,568.0,223.1,0.901,200031
6,279.9,157.2,318.3,216.0,0.909,200032
7,344.0,228.1,424.6,270.7,0.941,100001
7,413.5,301.3,491.8,350.0,0.939,100002
7,412.7,350.9,461.7,416.7,0.942,100003
7,248.3,239.5,311.9,302.7,0.937,100004
7,431.7,236.8,500.2,293.2,0.934,100005
7,260.2,365.2,326.9,431.8,0.934,100006
7,540.5,357.6,589.9,428.1,0.936,100007
7,488.6,228.0,545.4,275.7,0.914,100008
7,584.5,357.7,629.9,423.2,0.923,100009
7,177.5,290.7,258.7,335.4,0.924,100010
7,189.6,330.8,246.2,382.0,0.92,100011
7,227.8,354.1,274.4,425.2,0.923,100012
7,176.3,241.3,247.0,288.8,0.906,100013
7,467.3,373.8,507.8,447.0,0.916,100014
7,193.1,364.1,240.7,418.8,0.901,100015
7,184.9,225.1,258.5,254.2,0.867,100016
7,229.2,19.5,278.7,86.4,0.945,200017
7,569.9,7.2,631.1,67.1,0.939,200018
7,368.3,3.9,425.6,63.3,0.938,200019
7,401.2,43.0,473.0,95.0,0.94,200020
7,161.1,0.4,225.1,67.2,0.931,200021
7,181.3,164.8,242.2,215.4,0.931,200022
7,576.7,123.0,635.9,185.9,0.93,200023
7,166.1,115.9,252.3,164.2,0.937,200024
7,238.2,144.5,284.6,215.6,0.928,200025
7,432.5,106.8,492.6,174.0,0.935,200026
7,444.6,2.6,514.3,56.9,0.933,200027
7,565.6,174.6,638.9,219.1,0.924,200028
7,172.4,66.2,225.6,135.1,0.923,200029
7,315.1,152.0,360.9,217.4,0.916,200030
7,498.7,175.1,568.0,223.0,0.902,200031
7,279.9,157.2,318.3,216.0,0.909,200032
8,345.0,228.1,425.9,270.8,0.941,100001
8,414.1,300.7,492.0,349.7,0.942,100002
8,413.2,351.0,462.1,416.7,0.941,100003
8,249.2,239.8,313.0,302.5,0.934,100004
8,432.3,237.3,502.8,294.1,0.933,100005
8,260.9,365.4,328.0,432.8,0.932,100006
8,541.8,357.3,590.9,427.7,0.931,100007
8,495.8,227.6,546.1,276.0,0.916,100008
8,585.7,357.4,630.7,423.1,0.92,100009
8,178.0,290.6,259.6,335.3,0.923,100010
8,190.5,330.6,246.7,382.2,0.923,100011
8,229.0,354.0,275.1,424.8,0.916,100012
8,176.0,241.1,248.7,288.2,0.91,100013
8,467.9,373.5,512.0,442.1,0.902,100014
8,193.9,363.4,242.4,417.4,0.908,100015
8,185.8,225.2,258.9,254.2,0.878,100016
8,230.3,19.0,279.7,86.3,0.945,200017
8,570.8,7.5,632.3,67.3,0.942,200018
8,369.6,3.9,426.4,63.1,0.939,200019
8,402.4,43.0,473.7,94.9,0.938,200020
8,162.6,0.7,227.2,67.1,0.935,200021
8,183.3,164.5,243.5,215.4,0.931,200022
8,577.6,123.1,636.7,186.0,0.933,200023
8,170.6,116.0,253.6,164.2,0.935,200024
8,239.7,144.2,286.2,215.7,0.931,200025
8,434.1,106.6,494.7,174.6,0.934,200026
8,440.7,2.6,515.2,57.1,0.931,200027
8,566.2,174.2,639.8,218.7,0.925,200028
8,173.3,66.4,226.4,135.1,0.924,200029
8,315.9,152.1,361.9,217.4,0.921,200030
8,500.2,175.0,568.4,223.4,0.914,200031
8,281.3,156.9,319.1,216.0,0.906,200032
9,345.0,228.1,425.9,270.8,0.941,100001
9,414.1,300.7,491.9,349.7,0.942,100002
9,413.2,351.0,462.1,416.7,0.942,100003
9,249.2,239.8,313.0,302.6,0.934,100004
9,432.3,237.3,502.7,294.1,0.933,100005
9,260.9,365.4,328.0,432.8,0.932,100006
9,541.8,357.3,590.8,427.8,0.931,100007
9,495.7,227.8,546.1,276.0,0.916,100008
9,585.7,357.3,630.7,423.1,0.92,100009
9,178.0,290.6,259.5,335.3,0.923,100010
9,190.5,330.6,246.8,382.2,0.923,100011
9,229.1,354.0,275.1,424.8,0.916,100012
9,176.2,241.1,248.7,288.2,0.909,100013
9,468.0,373.5,512.3,442.1,0.902,100014
9,193.9,363.4,242.4,417.3,0.908,100015
9,185.9,225.3,258.8,254.1,0.88,100016
9,230.3,19.0,279.7,86.3,0.945,200017
9,570.8,7.5,632.3,67.3,0.942,200018
9,369.6,3.9,426.4,63.1,0.939,200019
9,402.4,43.0,473.7,94.9,0.938,200020
9,162.7,0.7,227.2,66.9,0.934,200021
9,183.3,164.5,243.5,215.4,0.931,200022
9,577.5,123.1,636.8,186.0,0.933,200023
9,170.6,116.0,253.6,164.2,0.935,200024
9,239.7,144.2,286.2,215.7,0.931,200025
9,434.1,106.6,494.7,174.6,0.934,200026
9,440.7,2.6,515.2,57.1,0.931,200027
9,566.2,174.2,639.8,218.8,0.925,200028
9,173.3,66.5,226.5,135.1,0.924,200029
9,315.9,152.1,361.9,217.4,0.921,200030
9,500.2,175.0,568.4,223.3,0.913,200031
9,281.2,156.9,319.1,216.0,0.907,200032
10,344.2,228.1,424.9,270.8,0.942,100001
10,415.8,301.5,492.2,349.9,0.942,100002
10,412.7,350.9,461.5,416.9,0.941,100003
10,248.4,239.6,312.1,302.7,0.936,100004
10,431.7,238.8,501.9,294.3,0.937,100005
10,260.2,365.2,326.8,432.1,0.935,100006
10,540.6,357.5,590.2,427.7,0.936,100007
10,497.0,227.5,544.5,275.9,0.918,100008
10,584.2,357.6,629.8,423.2,0.924,100009
10,177.6,290.6,259.1,335.5,0.926,100010
10,189.8,330.9,246.1,382.3,0.921,100011
10,228.0,354.1,274.3,425.6,0.923,100012
10,176.7,241.4,247.3,288.7,0.905,100013
10,467.4,373.5,507.9,442.1,0.916,100014
10,193.2,363.7,240.9,418.6,0.899,100015
10,185.4,225.5,256.9,253.9,0.871,100016
10,229.4,19.3,278.7,86.4,0.945,200017
10,570.0,7.6,631.2,67.6,0.942,200018
10,368.6,3.9,425.7,63.3,0.937,200019
10,402.1,43.0,472.9,95.0,0.938,200020
10,161.5,0.8,225.6,67.3,0.933,200021
10,181.9,164.7,242.9,215.4,0.932,200022
10,577.1,122.8,635.8,185.6,0.931,200023
10,170.2,116.1,252.8,164.3,0.934,200024
10,238.5,144.6,285.2,215.6,0.929,200025
10,435.1,108.4,495.2,175.7,0.925,200026
10,438.5,2.6,514.8,57.0,0.938,200027
10,565.8,174.3,638.8,218.9,0.929,200028
10,172.5,66.0,225.7,135.6,0.925,200029
10,315.2,152.1,361.7,217.4,0.92,200030
10,499.4,174.9,567.6,222.6,0.908,200031
10,280.2,157.2,318.2,216.1,0.909,200032
11,344.2,228.1,424.9,270.8,0.942,100001
11,415.8,301.5,492.2,349.9,0.942,100002
11,412.7,350.9,461.5,416.9,0.941,100003
11,248.4,239.6,312.1,302.8,0.935,100004
11,431.7,238.8,501.9,294.2,0.937,100005
11,260.2,365.2,326.8,432.0,0.935,100006
11,540.6,357.5,590.2,427.7,0.936,100007
11,497.0,227.4,544.4,275.9,0.918,100008
11,584.4,357.6,629.9,423.2,0.924,100009
11,177.6,290.6,259.1,335.5,0.926,100010
11,189.8,330.9,246.1,382.3,0.921,100011
11,228.0,354.1,274.3,425.6,0.923,100012
11,176.6,241.4,247.3,288.6,0.905,100013
11,467.4,373.4,507.9,442.2,0.916,100014
11,193.2,363.7,240.9,418.6,0.899,100015
11,185.4,225.5,256.9,253.9,0.873,100016
11,229.3,19.3,278.7,86.3,0.945,200017
11,570.0,7.6,631.3,67.6,0.942,200018
11,368.6,3.9,425.7,63.3,0.937,200019
11,402.1,43.0,472.9,95.0,0.938,200020
11,161.5,0.8,225.6,67.3,0.933,200021
11,182.1,164.9,242.7,215.5,0.932,200022
11,577.1,122.8,635.7,185.5,0.931,200023
11,170.2,116.2,252.8,164.3,0.934,200024
11,238.6,144.7,285.2,215.6,0.929,200025
11,435.1,108.4,495.2,175.7,0.925,200026
11,438.5,2.6,514.8,57.0,0.939,200027
11,565.8,174.3,638.8,218.9,0.928,200028
11,172.5,66.0,225.7,135.6,0.925,200029
11,315.2,152.1,361.7,217.4,0.92,200030
11,499.4,174.9,567.6,222.6,0.908,200031
11,280.2,157.2,318.2,216.1,0.909,200032
12,344.6,228.1,425.2,270.5,0.941,100001
12,416.9,301.9,493.1,350.1,0.941,100002
12,413.4,351.2,462.0,417.0,0.94,100003
12,249.1,239.6,312.9,301.8,0.932,100004
12,434.4,237.5,504.0,290.2,0.938,100005
12,260.9,364.8,327.3,432.6,0.933,100006
12,541.7,357.6,591.2,427.5,0.93,100007
12,498.3,227.1,544.1,276.0,0.911,100008
12,586.4,357.5,630.3,423.2,0.918,100009
12,178.1,290.9,259.3,334.7,0.922,100010
12,190.6,330.6,246.8,382.2,0.921,100011
12,229.0,353.9,274.8,425.1,0.917,100012
12,178.8,241.2,248.1,288.5,0.903,100013
12,468.0,373.2,510.9,443.1,0.91,100014
12,193.9,363.4,242.3,418.3,0.905,100015
12,186.3,225.2,257.3,253.8,0.887,100016
12,231.0,19.9,279.4,86.5,0.946,200017
12,570.5,7.5,632.2,67.7,0.944,200018
12,369.6,4.0,426.4,63.8,0.935,200019
12,404.6,43.0,473.5,94.8,0.935,200020
12,159.7,2.8,228.3,69.2,0.932,200021
12,183.0,165.0,244.0,215.4,0.932,200022
12,577.7,123.0,636.6,185.7,0.935,200023
12,171.3,116.1,253.4,164.2,0.934,200024
12,239.9,144.8,286.0,215.3,0.931,200025
12,438.1,108.0,497.6,178.1,0.935,200026
12,439.1,2.7,515.2,57.2,0.932,200027
12,566.0,174.5,639.8,218.7,0.929,200028
12,173.4,66.6,226.5,134.7,0.926,200029
12,316.2,152.1,362.1,217.2,0.915,200030
12,500.1,175.0,567.9,223.3,0.905,200031
12,281.4,156.9,319.0,216.1,0.911,200032
13,344.6,228.1,425.2,270.5,0.941,100001
13,416.9,301.9,493.1,350.1,0.941,100002
13,413.4,351.2,462.0,417.0,0.94,100003
13,249.1,239.6,312.9,301.8,0.932,100004
13,434.4,237.5,504.0,290.2,0.938,100005
13,260.9,364.8,327.3,432.6,0.933,100006
13,541.7,357.6,591.2,427.5,0.93,100007
13,498.3,227.1,544.1,276.0,0.911,100008
13,586.4,357.5,630.3,423.2,0.918,100009
13,178.1,290.9,259.3,334.7,0.922,100010
13,190.6,330.6,246.8,382.2,0.921,100011
13,229.0,353.9,274.8,425.1,0.917,100012
13,178.8,241.2,248.1,288.5,0.903,100013
13,468.0,373.2,511.0,443.1,0.909,100014
13,193.9,363.4,242.3,418.3,0.905,100015
13,186.3,225.2,257.3,253.8,0.887,100016
13,231.0,19.9,279.4,86.5,0.946,200017
13,570.5,7.5,632.2,67.7,0.944,200018
13,369.6,4.0,426.4,63.8,0.935,200019
13,404.6,43.0,473.5,94.8,0.935,200020
13,159.7,2.8,228.3,69.2,0.932,200021
13,183.0,165.0,244.0,215.4,0.932,200022
13,577.7,123.0,636.6,185.7,0.935,200023
13,171.3,116.1,253.4,164.2,0.934,200024
13,239.9,144.8,286.0,215.3,0.931,200025
13,438.1,108.0,497.6,178.1,0.935,200026
13,439.1,2.7,515.2,57.2,0.932,200027
13,566.0,174.5,639.8,218.7,0.929,200028
13,173.4,66.6,226.5,134.7,0.926,200029
13,316.2,152.1,362.1,217.2,0.915,200030
13,500.1,175.0,567.9,223.3,0.905,200031
13,281.4,156.9,319.0,216.1,0.911,200032
14,343.9,228.1,424.8,270.5,0.941,100001
14,417.5,302.0,493.2,350.6,0.936,100002
14,412.5,350.9,461.8,416.8,0.942,100003
14,248.7,239.2,312.2,301.9,0.934,100004
14,434.1,235.6,502.5,287.0,0.941,100005
14,260.4,364.9,326.8,431.5,0.933,100006
14,540.9,357.4,590.7,427.8,0.932,100007
14,498.2,226.9,543.6,276.0,0.914,100008
14,585.6,357.6,629.7,423.3,0.922,100009
14,178.4,290.7,259.0,335.1,0.921,100010
14,190.0,330.5,246.3,382.1,0.92,100011
14,228.0,354.4,274.5,426.0,0.92,100012
14,176.2,241.3,247.3,288.8,0.902,100013
14,467.4,373.3,512.1,442.9,0.9,100014
14,193.5,363.7,241.2,419.4,0.899,100015
14,185.7,224.9,259.3,254.1,0.879,100016
14,232.3,19.6,279.0,89.0,0.941,200017
14,569.7,7.7,631.5,67.7,0.944,200018
14,368.7,3.9,426.1,63.7,0.937,200019
14,402.6,42.9,472.9,94.9,0.937,200020
14,160.5,0.4,233.7,61.3,0.936,200021
14,182.1,164.8,242.9,215.5,0.931,200022
14,577.1,123.0,635.7,185.9,0.933,200023
14,170.5,116.2,252.9,164.2,0.932,200024
14,239.2,144.8,285.4,215.5,0.931,200025
14,438.3,106.1,498.3,179.2,0.932,200026
14,438.8,2.7,514.9,57.3,0.938,200027
14,566.0,174.4,641.7,218.9,0.928,200028
14,172.8,65.2,225.9,135.2,0.926,200029
14,315.6,152.6,361.6,217.2,0.913,200030
14,499.3,174.8,567.9,222.5,0.891,200031
14,280.4,156.8,318.8,216.2,0.911,200032
15,344.5,228.0,425.0,270.5,0.941,100001
15,417.7,303.1,492.3,351.1,0.929,100002
15,412.3,351.5,462.2,416.0,0.941,100003
15,249.1,239.7,313.0,302.0,0.933,100004
15,433.4,234.7,501.7,285.9,0.94,100005
15,260.7,365.0,327.4,432.0,0.931,100006
15,541.4,357.5,591.2,427.6,0.93,100007
15,497.7,227.0,544.7,276.1,0.917,100008
15,586.2,357.2,629.9,423.3,0.92,100009
15,179.2,290.6,259.5,335.0,0.924,100010
15,190.4,330.4,246.6,382.1,0.925,100011
15,228.8,354.1,274.8,425.3,0.917,100012
15,175.6,241.2,247.9,288.7,0.904,100013
15,467.7,373.2,515.7,445.9,0.904,100014
15,193.9,363.5,242.0,419.6,0.9,100015
15,186.1,224.7,259.6,254.2,0.864,100016
15,233.1,19.3,279.4,88.1,0.942,200017
15,570.2,7.6,632.0,67.7,0.943,200018
15,369.3,3.9,426.4,63.4,0.936,200019
15,403.3,42.9,473.3,95.0,0.936,200020
15,160.8,0.4,235.6,59.7,0.938,200021
15,182.6,164.7,243.5,215.5,0.929,200022
15,577.6,123.0,636.1,185.7,0.933,200023
15,169.5,116.2,253.4,164.4,0.933,200024
15,239.6,144.6,285.7,215.7,0.931,200025
15,436.6,103.5,497.6,177.6,0.925,200026
15,436.6,2.7,514.8,57.0,0.936,200027
15,566.2,174.1,641.6,218.9,0.926,200028
15,173.5,65.2,226.1,134.6,0.927,200029
15,316.1,152.7,362.1,217.1,0.915,200030
15,500.0,174.8,567.4,222.0,0.913,200031
15,281.0,156.9,319.0,216.2,0.912,200032
16,343.7,228.0,425.1,270.7,0.94,100001
16,415.8,303.2,490.4,350.7,0.931,100002
16,412.1,351.0,462.3,415.8,0.943,100003
16,248.9,239.6,312.4,301.9,0.933,100004
16,432.5,235.6,500.2,287.3,0.942,100005
16,260.3,365.1,327.4,431.9,0.931,100006
16,541.2,357.4,590.8,427.6,0.932,100007
16,496.7,227.9,545.0,276.2,0.92,100008
16,586.2,357.3,629.7,423.2,0.923,100009
16,178.7,290.2,259.1,335.2,0.924,100010
16,190.2,330.3,246.1,382.5,0.921,100011
16,228.4,354.0,274.6,425.6,0.919,100012
16,176.9,241.4,247.5,288.6,0.908,100013
16,467.8,373.0,512.9,453.2,0.892,100014
16,193.8,363.6,241.5,417.5,0.902,100015
16,185.4,225.3,258.2,254.1,0.85,100016
16,233.1,19.4,278.7,88.3,0.941,200017
16,569.9,7.7,631.4,67.6,0.943,200018
16,368.8,3.8,426.1,63.6,0.935,200019
16,402.8,42.9,473.1,94.8,0.936,200020
16,160.7,0.2,236.3,59.4,0.934,200021
16,182.3,164.8,243.7,215.5,0.93,200022
16,577.1,122.9,635.7,185.6,0.931,200023
16,168.6,116.1,252.8,164.2,0.932,200024
16,239.3,144.6,285.3,215.6,0.93,200025
16,435.2,101.1,495.3,177.0,0.926,200026
16,433.7,2.9,514.9,57.0,0.939,200027
16,566.1,174.3,640.6,218.8,0.925,200028
16,173.2,65.3,226.0,133.6,0.928,200029
16,315.6,152.8,361.9,217.2,0.914,200030
16,499.8,174.9,567.4,222.6,0.916,200031
16,280.5,156.9,318.8,216.1,0.912,200032
17,343.9,228.0,425.2,270.8,0.941,100001
17,415.4,303.1,491.5,351.8,0.934,100002
17,412.2,352.0,462.4,415.8,0.941,100003
17,248.9,238.9,312.4,301.6,0.934,100004
17,430.1,236.8,497.0,289.6,0.933,100005
17,260.5,365.1,327.3,432.2,0.932,100006
17,541.3,357.5,590.9,427.6,0.932,100007
17,496.6,227.8,545.7,276.5,0.93,100008
17,585.9,358.0,629.8,423.2,0.922,100009
17,179.0,290.2,259.1,335.1,0.925,100010
17,190.3,330.3,246.2,382.4,0.921,100011
17,228.4,353.8,274.6,425.5,0.919,100012
17,178.0,241.3,247.6,288.7,0.907,100013
17,467.9,373.2,518.2,455.5,0.872,100014
17,193.9,363.5,241.7,419.3,0.901,100015
17,185.7,225.2,259.6,254.0,0.864,100016
17,233.1,19.1,278.7,89.0,0.94,200017
17,570.0,7.6,631.7,67.7,0.943,200018
17,368.9,3.9,426.1,64.2,0.929,200019
17,403.4,43.0,473.4,94.9,0.937,200020
17,160.7,0.2,236.6,60.7,0.934,200021
17,182.5,165.0,243.7,215.5,0.93,200022
17,577.3,123.1,636.2,185.5,0.932,200023
17,168.7,116.1,252.9,164.0,0.933,200024
17,239.3,144.5,285.5,215.6,0.93,200025
17,434.5,99.7,495.4,176.8,0.928,200026
17,434.1,2.8,514.9,57.0,0.938,200027
17,566.2,174.4,641.0,218.8,0.927,200028
17,173.1,65.7,226.1,133.7,0.926,200029
17,315.7,152.6,362.0,217.3,0.914,200030
17,499.7,174.7,567.6,222.3,0.914,200031
17,280.4,156.9,318.7,216.1,0.912,200032
18,344.0,228.0,425.0,270.7,0.94,100001
18,415.1,303.2,493.0,352.3,0.935,100002
18,412.2,352.0,462.3,415.8,0.941,100003
18,248.9,239.1,312.6,301.7,0.934,100004
18,426.3,239.7,493.1,293.9,0.932,100005
18,260.6,365.0,327.1,432.4,0.933,100006
18,541.3,357.8,590.8,427.5,0.931,100007
18,493.6,227.8,545.8,275.9,0.93,100008
18,585.6,357.7,629.8,423.2,0.92,100009
18,178.8,290.4,259.1,334.9,0.924,100010
18,190.3,330.2,246.0,382.7,0.92,100011
18,228.7,353.8,274.7,425.4,0.92,100012
18,179.0,241.4,247.7,288.6,0.905,100013
18,467.8,372.9,519.3,459.0,0.857,100014
18,194.3,364.5,240.5,422.1,0.895,100015
18,185.7,225.4,259.2,253.9,0.863,100016
18,234.4,20.7,278.7,88.9,0.937,200017
18,570.3,7.5,631.6,67.6,0.945,200018
18,368.9,3.9,426.1,65.5,0.911,200019
18,404.0,43.0,473.3,95.0,0.936,200020
18,160.8,0.2,236.2,62.1,0.933,200021
18,182.6,164.9,243.9,215.5,0.928,200022
18,577.4,123.2,636.2,185.6,0.931,200023
18,168.8,116.2,253.3,164.1,0.933,200024
18,239.3,144.5,285.7,215.6,0.93,200025
18,433.6,99.7,495.9,175.5,0.932,200026
18,435.4,2.8,514.7,57.0,0.94,200027
18,566.1,174.6,641.2,218.8,0.928,200028
18,173.0,65.7,226.0,133.6,0.926,200029
18,315.7,152.6,362.0,217.2,0.914,200030
18,500.0,174.8,567.8,221.8,0.915,200031
18,280.6,156.9,318.7,216.0,0.912,200032
19,343.7,228.0,425.0,270.6,0.937,100001
19,414.3,304.0,493.4,352.2,0.936,100002
19,412.8,352.1,462.0,415.9,0.939,100003
19,248.7,238.8,312.2,301.6,0.935,100004
19,414.7,243.5,490.8,297.6,0.928,100005
19,260.5,365.0,326.6,431.9,0.934,100006
19,541.3,357.6,590.8,427.6,0.929,100007
19,489.1,227.8,546.1,275.3,0.937,100008
19,584.2,358.0,629.9,423.2,0.921,100009
19,179.0,290.5,259.0,335.3,0.924,100010
19,190.2,330.0,246.1,382.2,0.922,100011
19,228.7,353.9,274.5,425.9,0.925,100012
19,177.3,241.5,247.6,288.5,0.903,100013
19,467.7,373.0,517.5,457.7,0.868,100014
19,194.3,365.7,239.5,421.4,0.887,100015
19,185.5,225.2,259.1,253.9,0.839,100016
19,233.1,21.2,277.8,91.9,0.933,200017
19,569.8,7.6,631.6,67.4,0.944,200018
19,368.8,4.0,426.1,64.6,0.927,200019
19,403.2,43.0,473.3,94.9,0.936,200020
19,160.6,0.2,234.4,62.5,0.933,200021
19,182.3,164.8,243.4,215.5,0.931,200022
19,577.4,123.2,636.0,185.4,0.931,200023
19,169.4,116.2,253.1,164.2,0.934,200024
19,239.1,144.6,285.7,215.7,0.93,200025
19,433.0,98.6,497.7,174.4,0.932,200026
19,435.1,2.8,514.5,57.1,0.939,200027
19,566.0,174.6,641.1,218.9,0.928,200028
19,172.7,66.0,226.1,133.7,0.928,200029
19,315.3,152.6,361.9,217.1,0.915,200030
19,500.0,174.8,567.7,221.9,0.913,200031
19,280.4,156.8,318.4,216.1,0.912,200032
20,345.3,228.0,425.6,270.6,0.94,100001
20,416.5,303.3,492.8,352.1,0.934,100002
20,413.4,353.2,462.4,415.7,0.938,100003
20,249.0,239.1,312.6,301.4,0.932,100004
20,425.8,238.8,497.0,291.2,0.933,100005
20,260.6,365.0,327.5,432.1,0.931,100006
20,541.6,357.1,591.1,427.6,0.929,100007
20,489.7,227.5,546.4,275.1,0.933,100008
20,585.6,357.9,630.2,423.9,0.923,100009
20,179.3,290.7,259.0,335.5,0.926,100010
20,190.6,330.2,246.2,381.9,0.92,100011
20,228.8,353.7,274.8,425.5,0.919,100012
20,176.6,241.4,248.2,288.5,0.908,100013
20,467.9,372.8,519.2,458.0,0.861,100014
20,194.6,365.4,240.1,419.3,0.895,100015
20,185.8,225.4,257.2,253.9,0.871,100016
20,224.4,23.2,278.8,92.6,0.933,200017
20,570.3,7.4,631.8,67.3,0.944,200018
20,368.9,3.9,426.1,66.2,0.911,200019
20,404.3,43.0,473.2,94.8,0.936,200020
20,160.7,0.1,229.7,58.5,0.932,200021
20,182.7,164.6,243.5,215.4,0.932,200022
20,577.5,123.1,636.5,185.8,0.932,200023
20,169.8,116.2,252.9,164.1,0.934,200024
20,239.3,144.6,286.5,215.6,0.931,200025
20,432.9,99.1,497.6,173.9,0.931,200026
20,435.2,2.8,514.7,57.1,0.94,200027
20,566.3,174.4,641.2,218.9,0.926,200028
20,173.0,66.0,226.2,133.8,0.926,200029
20,315.6,152.8,361.7,217.1,0.914,200030
20,500.0,174.8,568.4,221.7,0.915,200031
20,281.7,156.7,318.7,216.2,0.908,200032
21,346.4,228.1,424.8,270.4,0.943,100001
21,417.2,303.3,493.1,352.8,0.936,100002
21,412.8,352.8,462.5,415.8,0.938,100003
21,248.6,239.2,312.2,301.7,0.933,100004
21,424.4,242.0,496.9,291.8,0.937,100005
21,260.2,365.1,327.0,431.7,0.936,100006
21,541.4,357.1,590.6,427.7,0.93,100007
21,490.3,227.5,545.8,274.8,0.933,100008
21,584.7,357.5,629.7,423.8,0.922,100009
21,178.8,290.2,258.9,335.3,0.924,100010
21,190.1,330.3,246.2,382.2,0.917,100011
21,228.3,354.0,274.3,426.0,0.925,100012
21,178.9,241.5,247.3,288.7,0.909,100013
21,467.9,372.7,517.4,456.2,0.88,100014
21,194.1,366.0,239.6,419.4,0.882,100015
21,185.3,225.6,259.8,254.1,0.822,100016
21,223.4,26.6,275.8,93.2,0.936,200017
21,569.8,7.4,631.2,67.4,0.942,200018
21,368.2,4.0,425.9,69.6,0.912,200019
21,406.3,43.0,472.9,95.2,0.936,200020
21,158.7,0.1,230.0,58.0,0.923,200021
21,182.0,163.2,242.9,215.4,0.935,200022
21,576.9,123.2,635.9,185.6,0.93,200023
21,168.9,116.0,252.5,164.0,0.934,200024
21,238.8,144.6,285.3,215.8,0.93,200025
21,433.0,98.5,498.1,173.9,0.931,200026
21,434.8,2.9,514.6,57.2,0.942,200027
21,566.0,174.6,640.4,218.9,0.925,200028
21,172.7,65.6,225.9,133.6,0.929,200029
21,315.7,152.5,361.6,217.4,0.914,200030
21,499.7,174.7,568.1,221.1,0.913,200031
21,281.2,156.7,318.3,216.2,0.911,200032
22,346.5,228.0,425.2,270.5,0.942,100001
22,416.4,303.4,493.8,353.3,0.931,100002
22,413.0,352.8,463.0,415.7,0.939,100003
22,249.2,239.4,313.1,301.8,0.931,100004
22,424.6,240.9,491.6,291.5,0.928,100005
22,260.6,365.1,327.7,430.7,0.932,100006
22,542.0,357.5,590.8,427.3,0.928,100007
22,491.4,227.5,545.8,275.5,0.936,100008
22,586.1,356.9,630.3,423.9,0.922,100009
22,179.7,290.0,259.3,335.0,0.925,100010
22,190.7,329.8,246.7,382.1,0.918,100011
22,229.2,353.8,275.1,425.3,0.92,100012
22,177.0,241.3,248.5,288.3,0.909,100013
22,468.6,372.7,519.9,448.9,0.921,100014
22,194.5,365.6,240.1,418.1,0.891,100015
22,185.9,225.4,258.1,254.0,0.82,100016
22,230.4,24.4,277.4,96.6,0.936,200017
22,570.5,7.2,632.1,67.4,0.944,200018
22,369.3,4.0,426.5,67.5,0.921,200019
22,405.2,42.8,473.5,94.9,0.935,200020
22,158.6,0.3,235.9,57.1,0.928,200021
22,182.9,163.9,243.6,215.4,0.934,200022
22,577.5,123.1,636.6,185.5,0.931,200023
22,169.4,116.0,253.1,164.0,0.932,200024
22,239.6,144.9,285.9,215.7,0.931,200025
22,432.7,102.6,496.7,172.8,0.928,200026
22,435.6,2.7,515.2,57.2,0.941,200027
22,566.3,174.5,642.3,218.9,0.93,200028
22,173.7,65.4,226.6,133.4,0.926,200029
22,316.3,152.6,362.2,217.4,0.919,200030
22,500.3,174.8,568.6,222.4,0.913,200031
22,281.8,156.8,318.7,216.2,0.911,200032
23,345.2,228.0,423.7,270.5,0.942,100001
23,415.6,303.1,493.2,353.5,0.929,100002
23,411.8,353.1,461.8,415.7,0.938,100003
23,248.2,238.9,312.0,302.2,0.931,100004
23,421.5,239.2,497.9,291.0,0.923,100005
23,259.7,365.6,326.6,431.1,0.93,100006
23,541.0,357.2,590.1,427.8,0.933,100007
23,491.2,227.9,544.4,274.8,0.916,100008
23,582.7,357.1,629.5,423.7,0.923,100009
23,178.8,290.3,258.6,335.3,0.924,100010
23,189.8,329.8,246.1,382.2,0.918,100011
23,225.6,354.1,273.9,422.4,0.917,100012
23,178.9,241.3,246.8,288.4,0.907,100013
23,468.0,373.2,519.6,448.5,0.922,100014
23,193.7,365.7,239.9,417.1,0.892,100015
23,184.9,225.4,260.0,254.0,0.774,100016
23,225.7,36.0,274.0,110.1,0.926,200017
23,569.6,7.5,630.9,67.5,0.944,200018
23,368.0,4.2,425.6,70.9,0.914,200019
23,405.8,43.0,472.7,95.0,0.935,200020
23,158.4,0.3,232.5,55.5,0.893,200021
23,181.7,164.3,242.4,215.5,0.935,200022
23,576.7,123.1,635.4,185.0,0.93,200023
23,168.7,116.0,251.9,164.1,0.932,200024
23,238.4,144.6,284.6,216.0,0.931,200025
23,431.6,103.1,495.7,173.3,0.933,200026
23,433.6,2.9,514.6,57.1,0.944,200027
23,565.7,174.3,640.1,218.8,0.921,200028
23,172.7,65.3,225.6,134.0,0.926,200029
23,315.4,152.0,361.2,217.4,0.919,200030
23,499.1,174.8,568.2,220.0,0.908,200031
23,280.9,156.7,317.9,216.5,0.909,200032
24,346.0,227.9,424.7,270.3,0.943,100001
24,416.3,303.5,493.1,353.5,0.937,100002
24,413.1,353.2,462.6,415.7,0.941,100003
24,249.4,239.2,313.5,301.8,0.934,100004
24,421.3,238.4,499.9,290.7,0.928,100005
24,260.5,365.4,328.3,431.4,0.932,100006
24,542.3,357.3,590.9,427.5,0.93,100007
24,497.2,227.6,545.6,276.3,0.934,100008
24,585.8,357.2,630.3,424.0,0.926,100009
24,180.1,289.9,259.3,334.9,0.928,100010
24,190.7,329.9,246.6,381.4,0.917,100011
24,226.5,353.7,274.7,421.6,0.914,100012
24,176.8,241.6,248.3,288.0,0.906,100013
24,468.5,373.5,516.2,442.4,0.906,100014
24,195.0,365.3,240.8,417.8,0.894,100015
24,186.2,225.2,256.3,253.8,0.877,100016
24,233.5,48.7,280.8,117.9,0.92,200017
24,570.8,7.3,632.0,67.7,0.947,200018
24,369.5,4.0,426.3,67.6,0.921,200019
24,406.9,42.8,473.5,95.0,0.935,200020
24,160.6,0.0,240.8,57.6,0.9,200021
24,183.2,164.2,244.1,215.3,0.931,200022
24,577.9,123.0,636.6,185.8,0.935,200023
24,170.1,115.9,253.0,163.9,0.929,200024
24,240.2,144.3,286.5,215.5,0.931,200025
24,433.5,102.1,498.8,173.8,0.933,200026
24,435.0,2.8,515.1,57.2,0.936,200027
24,566.1,174.0,639.8,219.1,0.925,200028
24,174.3,66.2,226.7,133.3,0.927,200029
24,316.1,152.9,361.1,216.8,0.917,200030
24,500.7,174.8,568.9,222.7,0.912,200031
24,282.1,156.6,318.9,215.8,0.916,200032
25,346.0,227.9,424.7,270.3,0.943,100001
25,416.3,303.5,493.1,353.5,0.937,100002
25,413.1,353.2,462.6,415.7,0.941,100003
25,249.4,239.2,313.5,301.8,0.934,100004
25,421.3,238.4,499.9,290.7,0.928,100005
25,260.5,365.4,328.3,431.4,0.932,100006
25,542.3,357.3,590.9,427.5,0.93,100007
25,497.2,227.6,545.6,276.3,0.934,100008
25,585.8,357.2,630.3,424.0,0.926,100009
25,180.1,289.9,259.3,334.9,0.928,100010
25,190.7,329.9,246.6,381.4,0.917,100011
25,226.5,353.7,274.7,421.6,0.914,100012
25,176.8,241.6,248.3,288.0,0.906,100013
25,468.5,373.5,516.2,442.4,0.906,100014
25,195.0,365.3,240.8,417.8,0.894,100015
25,186.2,225.2,256.3,253.8,0.877,100016
25,233.5,48.7,280.8,117.9,0.92,200017
25,570.8,7.3,632.0,67.7,0.947,200018
25,369.5,4.0,426.3,67.6,0.921,200019
25,406.9,42.8,473.5,95.0,0.935,200020
25,160.6,0.0,240.8,57.6,0.9,200021
25,183.2,164.2,244.1,215.3,0.931,200022
25,577.9,123.0,636.6,185.8,0.935,200023
25,170.1,115.9,253.0,163.9,0.929,200024
25,240.2,144.3,286.5,215.5,0.931,200025
25,433.5,102.1,498.8,173.8,0.933,200026
25,435.0,2.8,515.1,57.2,0.936,200027
25,566.1,174.0,639.8,219.1,0.925,200028
25,174.3,66.2,226.7,133.3,0.927,200029
25,316.1,152.9,361.1,216.8,0.917,200030
25,500.7,174.8,568.9,222.7,0.912,200031
25,282.1,156.6,318.9,215.8,0.916,200032
26,344.7,228.0,423.9,270.6,0.945,100001
26,415.3,304.0,491.2,353.4,0.932,100002
26,412.4,353.8,461.6,415.8,0.938,100003
26,248.3,239.4,312.0,302.1,0.936,100004
26,422.4,238.9,500.0,290.7,0.931,100005
26,260.1,365.0,326.6,431.6,0.931,100006
26,541.0,357.6,590.3,427.6,0.937,100007
26,496.9,228.0,544.6,275.8,0.927,100008
26,585.5,357.5,629.5,423.9,0.927,100009
26,179.0,290.2,258.6,335.4,0.927,100010
26,189.9,329.8,246.2,382.4,0.916,100011
26,224.6,353.8,273.9,422.2,0.916,100012
26,176.2,241.6,246.3,288.3,0.908,100013
26,467.8,373.7,519.4,442.8,0.919,100014
26,194.2,366.4,240.0,417.7,0.89,100015
26,183.8,225.5,256.0,254.1,0.85,100016
26,242.5,56.4,291.6,121.7,0.931,200017
26,569.5,7.5,631.0,67.8,0.944,200018
26,367.9,4.0,425.6,69.2,0.918,200019
26,406.2,43.0,472.7,95.4,0.937,200020
26,157.6,0.3,241.1,58.2,0.902,200021
26,181.9,164.7,242.5,215.4,0.933,200022
26,576.9,123.0,635.1,185.6,0.933,200023
26,168.9,116.1,252.2,164.0,0.933,200024
26,238.3,144.7,284.9,215.7,0.931,200025
26,432.0,102.2,497.4,173.4,0.934,200026
26,432.7,2.9,514.3,57.1,0.945,200027
26,565.7,174.3,639.7,219.0,0.923,200028
26,172.6,65.9,225.4,134.1,0.928,200029
26,315.6,152.4,360.3,217.3,0.918,200030
26,499.7,174.9,569.0,221.8,0.91,200031
26,281.0,156.4,318.1,216.2,0.914,200032
27,344.7,228.0,423.9,270.5,0.945,100001
27,415.4,304.0,491.2,353.5,0.932,100002
27,412.4,353.7,461.7,415.8,0.938,100003
27,248.3,239.4,312.0,302.1,0.936,100004
27,422.4,238.9,500.0,290.7,0.931,100005
27,260.1,365.0,326.6,431.6,0.931,100006
27,541.0,357.6,590.3,427.6,0.937,100007
27,496.9,228.0,544.6,275.8,0.925,100008
27,585.2,357.5,629.5,423.9,0.927,100009
27,179.0,290.1,258.5,335.4,0.927,100010
27,189.9,329.8,246.2,382.3,0.917,100011
27,224.6,353.9,273.9,422.2,0.915,100012
27,176.1,241.6,246.3,288.3,0.908,100013
27,467.8,373.7,519.5,442.7,0.919,100014
27,194.2,366.3,240.0,417.8,0.891,100015
27,183.8,225.4,256.1,254.1,0.855,100016
27,242.5,56.4,291.6,121.7,0.931,200017
27,569.5,7.5,631.0,67.8,0.945,200018
27,367.9,4.1,425.6,69.4,0.918,200019
27,406.3,43.0,472.7,95.4,0.938,200020
27,157.5,0.3,241.1,58.2,0.902,200021
27,181.8,164.7,242.5,215.4,0.933,200022
27,576.9,123.0,635.1,185.6,0.933,200023
27,168.9,116.1,252.1,164.0,0.933,200024
27,238.3,144.7,284.9,215.6,0.931,200025
27,432.0,102.2,497.4,173.4,0.934,200026
27,432.7,2.9,514.3,57.1,0.944,200027
27,565.7,174.3,639.6,219.1,0.923,200028
27,172.6,65.9,225.4,134.1,0.928,200029
27,315.6,152.4,360.3,217.4,0.918,200030
27,499.7,174.9,569.1,221.8,0.911,200031
27,281.0,156.3,318.1,216.2,0.913,200032
28,344.2,228.1,425.2,270.6,0.944,100001
28,417.8,303.4,492.1,353.3,0.92,100002
28,413.1,353.9,462.4,415.8,0.939,100003
28,249.1,239.6,312.8,301.8,0.932,100004
28,424.2,238.9,501.6,288.6,0.928,100005
28,260.3,365.5,328.4,431.9,0.932,100006
28,541.7,357.3,590.7,427.2,0.93,100007
28,497.4,228.0,545.6,275.9,0.93,100008
28,585.8,357.5,630.2,424.1,0.925,100009
28,179.7,290.2,259.2,335.2,0.926,100010
28,190.5,330.1,246.6,382.0,0.921,100011
28,225.3,354.1,274.3,421.8,0.915,100012
28,175.4,241.7,247.5,288.0,0.903,100013
28,468.2,373.2,519.5,446.7,0.86,100014
28,194.9,366.6,240.1,417.8,0.887,100015
28,185.8,225.6,256.5,254.0,0.862,100016
28,252.5,59.2,297.3,130.3,0.918,200017
28,570.3,7.5,631.8,67.7,0.946,200018
28,369.7,3.9,426.1,63.7,0.94,200019
28,405.4,42.9,473.6,95.0,0.941,200020
28,166.4,0.3,242.9,58.8,0.906,200021
28,183.2,164.6,243.7,215.4,0.933,200022
28,577.5,123.1,636.6,185.8,0.934,200023
28,169.8,116.3,253.3,163.9,0.932,200024
28,239.6,144.6,286.0,215.6,0.931,200025
28,433.3,104.7,493.8,173.4,0.928,200026
28,432.3,2.8,514.8,57.3,0.94,200027
28,565.9,174.0,639.7,218.9,0.925,200028
28,173.1,66.2,226.4,133.7,0.928,200029
28,316.0,152.3,360.9,217.2,0.918,200030
28,500.4,174.8,568.9,222.5,0.912,200031
28,282.0,155.1,318.9,216.2,0.911,200032
29,344.2,228.1,425.2,270.6,0.944,100001
29,417.8,303.5,492.1,353.3,0.92,100002
29,413.1,353.9,462.4,415.8,0.939,100003
29,249.1,239.7,312.8,301.8,0.932,100004
29,424.5,238.9,501.5,288.6,0.929,100005
29,260.3,365.5,328.4,431.9,0.932,100006
29,541.7,357.3,590.6,427.2,0.93,100007
29,497.5,228.0,545.6,276.0,0.93,100008
29,585.8,357.6,630.2,424.1,0.925,100009
29,179.7,290.2,259.2,335.2,0.926,100010
29,190.5,330.1,246.6,381.9,0.921,100011
29,225.3,354.1,274.3,421.8,0.915,100012
29,175.4,241.6,247.5,288.0,0.903,100013
29,468.2,373.2,519.7,447.0,0.859,100014
29,194.9,366.6,240.1,418.0,0.886,100015
29,185.8,225.6,256.5,254.0,0.863,100016
29,252.5,59.2,297.3,130.3,0.918,200017
29,570.3,7.5,631.8,67.7,0.946,200018
29,369.7,3.9,426.1,63.7,0.94,200019
29,405.4,42.9,473.6,94.9,0.941,200020
29,166.1,0.2,242.9,58.8,0.905,200021
29,183.2,164.6,243.8,215.4,0.932,200022
29,577.4,123.1,636.6,185.9,0.934,200023
29,169.8,116.3,253.4,163.9,0.933,200024
29,239.6,144.7,286.0,215.6,0.931,200025
29,433.3,104.8,493.7,173.4,0.928,200026
29,432.3,2.8,514.8,57.3,0.94,200027
29,565.9,174.0,639.6,218.9,0.925,200028
29,173.1,66.2,226.4,133.7,0.929,200029
29,316.0,152.3,360.9,217.2,0.918,200030
29,500.3,174.8,568.9,222.5,0.912,200031
29,282.0,155.1,318.9,216.2,0.91,200032
30,343.9,228.1,424.9,270.5,0.945,100001
30,415.8,304.0,493.6,352.9,0.933,100002
30,412.6,353.6,461.9,415.7,0.936,100003
30,248.9,239.4,312.9,301.9,0.932,100004
30,425.5,237.0,502.1,285.3,0.943,100005
30,260.3,365.5,327.7,431.1,0.932,100006
30,541.2,357.3,590.2,427.0,0.933,100007
30,499.3,228.0,545.0,276.8,0.922,100008
30,586.1,357.5,629.9,424.1,0.924,100009
30,179.0,290.0,258.9,335.1,0.925,100010
30,190.0,329.9,246.4,382.4,0.915,100011
30,225.1,354.2,274.3,421.9,0.916,100012
30,175.8,241.6,247.1,288.2,0.908,100013
30,467.5,373.1,519.6,444.2,0.921,100014
30,194.8,366.4,240.1,417.7,0.887,100015
30,185.5,225.7,257.5,254.1,0.818,100016
30,245.2,67.9,297.1,128.6,0.928,200017
30,569.9,7.4,631.4,67.8,0.945,200018
30,368.8,3.9,426.1,63.3,0.941,200019
30,408.9,44.4,473.6,94.8,0.94,200020
30,160.1,0.0,243.5,58.7,0.901,200021
30,182.4,164.8,243.3,215.4,0.933,200022
30,577.2,123.0,635.9,185.7,0.931,200023
30,170.1,116.2,252.8,164.1,0.934,200024
30,238.9,144.5,285.1,216.0,0.929,200025
30,433.1,104.9,493.5,173.3,0.931,200026
30,431.9,2.9,514.5,57.2,0.942,200027
30,565.8,174.2,640.0,219.2,0.925,200028
30,172.7,66.3,226.0,133.1,0.929,200029
30,315.6,152.2,360.4,217.2,0.919,200030
30,499.9,174.9,568.7,222.6,0.908,200031
30,281.2,156.5,318.6,216.1,0.914,200032
31,343.9,228.1,424.8,270.6,0.945,100001
31,415.8,304.0,493.7,353.0,0.933,100002
31,412.6,353.6,461.9,415.6,0.936,100003
31,248.9,239.4,312.9,301.9,0.932,100004
31,425.4,237.0,502.1,285.4,0.942,100005
31,260.3,365.5,327.7,431.1,0.933,100006
31,541.2,357.2,590.2,427.0,0.933,100007
31,499.3,228.0,545.0,276.8,0.923,100008
31,586.1,357.5,629.9,424.1,0.925,100009
31,179.0,290.0,259.0,335.2,0.925,100010
31,190.0,329.9,246.4,382.4,0.915,100011
31,225.1,354.2,274.4,421.9,0.916,100012
31,176.0,241.6,247.0,288.2,0.907,100013
31,467.4,373.2,519.6,444.3,0.921,100014
31,194.8,366.4,240.1,417.6,0.887,100015
31,185.5,225.8,257.4,254.1,0.82,100016
31,245.2,67.8,297.1,128.6,0.928,200017
31,569.9,7.4,631.4,67.8,0.945,200018
31,368.8,3.9,426.1,63.3,0.941,200019
31,408.9,44.3,473.6,94.9,0.94,200020
31,160.2,0.0,243.5,58.7,0.9,200021
31,182.4,164.8,243.3,215.4,0.933,200022
31,577.2,123.0,635.9,185.7,0.931,200023
31,170.1,116.2,252.9,164.1,0.934,200024
31,238.9,144.5,285.1,216.0,0.93,200025
31,433.1,104.9,493.5,173.3,0.931,200026
31,431.9,2.8,514.5,57.2,0.942,200027
31,565.8,174.2,640.0,219.2,0.925,200028
31,172.7,66.3,226.0,133.1,0.929,200029
31,315.6,152.2,360.4,217.3,0.918,200030
31,499.9,174.9,568.7,222.6,0.908,200031
31,281.2,156.5,318.5,216.1,0.914,200032
32,344.0,228.2,425.0,270.5,0.945,100001
32,413.3,303.4,494.4,353.6,0.923,100002
32,412.6,353.6,461.7,415.6,0.934,100003
32,248.9,239.4,312.6,302.2,0.932,100004
32,427.6,239.5,501.4,290.9,0.931,100005
32,260.3,365.5,327.8,431.0,0.933,100006
32,541.3,357.3,590.2,426.9,0.933,100007
32,498.0,227.9,545.2,276.6,0.926,100008
32,586.0,357.4,629.8,424.2,0.925,100009
32,179.1,289.8,258.9,335.3,0.927,100010
32,190.0,329.7,246.4,382.1,0.919,100011
32,225.3,354.1,274.3,421.9,0.916,100012
32,176.3,241.6,247.2,288.2,0.907,100013
32,467.6,373.0,519.6,445.5,0.923,100014
32,194.6,366.1,240.1,416.6,0.891,100015
32,185.4,225.7,258.6,254.0,0.782,100016
32,239.3,75.2,292.6,131.9,0.932,200017
32,569.8,7.5,631.5,67.7,0.944,200018
32,368.6,3.9,426.2,63.2,0.939,200019
32,410.4,45.5,474.2,94.5,0.945,200020
32,160.0,0.0,243.6,59.1,0.898,200021
32,182.4,164.7,243.3,215.5,0.931,200022
32,577.2,123.2,636.1,185.9,0.93,200023
32,172.1,116.1,252.7,163.9,0.934,200024
32,238.9,144.5,285.1,216.0,0.93,200025
32,432.8,105.2,493.5,173.5,0.933,200026
32,431.9,2.9,514.6,57.5,0.942,200027
32,566.0,174.3,640.1,219.1,0.924,200028
32,172.9,66.0,225.8,131.1,0.93,200029
32,315.6,152.2,360.5,217.4,0.918,200030
32,500.0,174.9,568.6,222.7,0.913,200031
32,281.2,156.1,318.5,216.1,0.913,200032
33,344.0,228.2,425.1,270.5,0.945,100001
33,413.3,303.4,494.4,353.5,0.923,100002
33,412.6,353.6,461.7,415.6,0.934,100003
33,248.8,239.5,312.6,302.2,0.932,100004
33,427.6,239.5,501.4,290.9,0.931,100005
33,260.3,365.5,327.8,431.0,0.933,100006
33,541.3,357.3,590.2,426.9,0.933,100007
33,498.0,227.9,545.2,276.7,0.926,100008
33,586.0,357.4,629.8,424.2,0.925,100009
33,179.1,289.8,258.9,335.4,0.927,100010
33,190.0,329.7,246.4,382.1,0.919,100011
33,225.3,354.1,274.3,422.0,0.916,100012
33,176.3,241.6,247.2,288.2,0.907,100013
33,467.6,373.0,519.6,445.5,0.923,100014
33,194.6,366.1,240.1,416.5,0.891,100015
33,185.3,225.7,258.3,254.1,0.781,100016
33,239.3,75.2,292.6,131.9,0.932,200017
33,569.8,7.5,631.4,67.7,0.944,200018
33,368.6,3.9,426.2,63.2,0.939,200019
33,410.4,45.5,474.2,94.5,0.945,200020
33,159.9,0.0,243.6,59.1,0.899,200021
33,182.4,164.7,243.2,215.5,0.931,200022
33,577.2,123.2,636.1,185.9,0.93,200023
33,172.1,116.1,252.7,163.9,0.934,200024
33,238.8,144.5,285.1,216.0,0.93,200025
33,432.8,105.2,493.5,173.4,0.934,200026
33,431.9,2.9,514.6,57.5,0.943,200027
33,566.0,174.3,640.1,219.1,0.925,200028
33,172.8,66.0,225.8,131.1,0.93,200029
33,315.5,152.2,360.5,217.4,0.919,200030
33,500.0,174.9,568.6,222.8,0.912,200031
33,281.2,156.1,318.5,216.1,0.913,200032
34,344.1,228.1,425.3,270.6,0.946,100001
34,412.7,304.7,493.7,353.7,0.937,100002
34,412.6,353.7,461.7,415.6,0.935,100003
34,249.0,239.3,312.8,302.1,0.931,100004
34,432.8,242.0,501.1,299.5,0.903,100005
34,260.4,365.5,327.6,431.0,0.93,100006
34,541.2,357.2,590.5,427.3,0.934,100007
34,497.4,227.8,545.9,274.5,0.929,100008
34,586.3,357.4,629.8,424.5,0.923,100009
34,179.3,289.6,258.9,335.1,0.927,100010
34,190.1,329.6,246.4,382.2,0.919,100011
34,225.1,354.0,274.3,421.8,0.914,100012
34,176.5,241.6,247.4,288.2,0.91,100013
34,468.2,372.9,520.0,445.3,0.923,100014
34,194.7,366.0,240.3,416.4,0.896,100015
34,185.6,225.2,260.3,254.2,0.847,100016
34,232.8,80.5,289.0,134.8,0.933,200017
34,570.1,7.5,631.6,67.5,0.943,200018
34,368.8,3.9,426.3,63.1,0.939,200019
34,411.6,44.7,475.5,94.3,0.947,200020
34,159.9,0.2,244.0,58.8,0.91,200021
34,182.7,164.5,243.4,215.5,0.93,200022
34,577.4,123.3,636.1,185.8,0.931,200023
34,172.2,116.0,252.0,163.7,0.933,200024
34,239.1,144.0,285.5,215.9,0.93,200025
34,433.2,107.3,493.2,173.6,0.936,200026
34,432.1,2.9,514.8,57.5,0.941,200027
34,566.2,174.4,640.5,219.0,0.924,200028
34,173.0,66.0,226.2,131.4,0.931,200029
34,315.8,152.1,360.5,217.3,0.917,200030
34,499.9,175.0,568.1,223.3,0.913,200031
34,281.4,156.8,318.7,216.0,0.919,200032
35,344.1,228.1,425.3,270.6,0.946,100001
35,412.7,304.6,493.7,353.7,0.937,100002
35,412.6,353.7,461.7,415.6,0.935,100003
35,249.0,239.2,312.8,302.2,0.931,100004
35,432.8,242.3,501.0,299.5,0.905,100005
35,260.4,365.5,327.6,431.0,0.93,100006
35,541.3,357.2,590.5,427.3,0.934,100007
35,497.4,227.8,545.9,274.5,0.929,100008
35,586.2,357.3,629.8,424.5,0.923,100009
35,179.3,289.6,258.9,335.1,0.927,100010
35,190.1,329.6,246.4,382.2,0.919,100011
35,225.1,354.0,274.3,421.8,0.914,100012
35,176.5,241.6,247.5,288.2,0.91,100013
35,468.2,372.9,519.9,444.9,0.922,100014
35,194.7,366.1,240.4,416.4,0.896,100015
35,185.6,225.2,260.3,254.2,0.848,100016
35,232.8,80.5,288.9,134.8,0.933,200017
35,570.1,7.4,631.6,67.6,0.943,200018
35,368.8,3.9,426.3,63.1,0.939,200019
35,411.6,44.7,475.5,94.3,0.947,200020
35,160.0,0.2,244.0,58.8,0.909,200021
35,182.7,164.5,243.4,215.5,0.93,200022
35,577.4,123.3,636.1,185.8,0.932,200023
35,172.2,116.0,252.1,163.7,0.933,200024
35,239.1,144.0,285.5,215.9,0.93,200025
35,433.2,107.3,493.2,173.6,0.936,200026
35,432.1,2.9,514.8,57.5,0.941,200027
35,566.2,174.4,640.5,219.0,0.924,200028
35,173.0,66.0,226.2,131.3,0.931,200029
35,315.8,152.1,360.5,217.3,0.917,200030
35,500.0,175.0,568.2,223.3,0.912,200031
35,281.4,156.8,318.7,216.0,0.919,200032
36,344.0,228.1,424.7,270.6,0.946,100001
36,412.6,304.1,492.9,353.8,0.94,100002
36,412.3,354.4,461.7,415.5,0.935,100003
36,248.6,238.8,312.2,302.3,0.935,100004
36,433.0,239.2,501.1,301.3,0.92,100005
36,260.2,365.2,327.0,431.4,0.93,100006
36,541.2,357.4,590.5,427.7,0.934,100007
36,497.2,228.1,545.8,273.7,0.926,100008
36,584.8,357.1,629.7,424.4,0.926,100009
36,178.5,289.5,258.5,335.1,0.926,100010
36,190.1,329.8,246.2,382.7,0.912,100011
36,223.7,354.5,274.0,423.3,0.912,100012
36,176.4,241.3,247.2,288.6,0.905,100013
36,468.3,372.4,519.8,446.0,0.914,100014
36,194.5,365.6,240.6,416.8,0.893,100015
36,183.7,225.2,256.7,254.1,0.774,100016
36,241.4,76.8,295.1,132.2,0.925,200017
36,569.9,7.5,631.0,67.5,0.944,200018
36,368.4,3.9,425.5,63.2,0.939,200019
36,411.1,44.5,474.8,93.9,0.946,200020
36,163.6,0.3,244.4,59.9,0.901,200021
36,182.1,164.7,242.5,215.3,0.93,200022
36,577.1,123.0,635.4,185.6,0.932,200023
36,172.1,116.1,252.7,164.0,0.933,200024
36,238.8,144.5,285.0,215.7,0.933,200025
36,432.6,108.9,493.8,172.9,0.936,200026
36,433.0,2.9,514.6,57.1,0.939,200027
36,565.9,174.3,640.6,219.2,0.924,200028
36,173.1,65.6,225.6,131.5,0.934,200029
36,315.5,151.9,360.2,217.3,0.916,200030
36,499.4,174.9,568.5,221.6,0.905,200031
36,281.1,157.1,318.3,216.1,0.919,200032
37,344.0,228.1,424.7,270.6,0.946,100001
37,412.6,304.1,492.9,353.8,0.94,100002
37,412.3,354.4,461.7,415.5,0.935,100003
37,248.6,238.8,312.2,302.3,0.935,100004
37,433.0,239.2,501.1,301.3,0.92,100005
37,260.2,365.2,327.0,431.4,0.93,100006
37,541.2,357.4,590.5,427.7,0.934,100007
37,497.2,228.1,545.8,273.7,0.926,100008
37,584.8,357.1,629.7,424.4,0.926,100009
37,178.5,289.5,258.5,335.1,0.926,100010
37,190.1,329.8,246.2,382.7,0.912,100011
37,223.7,354.5,274.0,423.3,0.912,100012
37,176.4,241.3,247.2,288.6,0.905,100013
37,468.3,372.4,519.8,446.0,0.914,100014
37,194.5,365.6,240.6,416.8,0.893,100015
37,183.7,225.2,256.7,254.1,0.774,100016
37,241.4,76.8,295.1,132.2,0.925,200017
37,569.9,7.5,631.0,67.5,0.944,200018
37,368.4,3.9,425.5,63.2,0.939,200019
37,411.1,44.5,474.8,93.9,0.946,200020
37,163.6,0.3,244.4,59.9,0.9,200021
37,182.1,164.7,242.5,215.3,0.93,200022
37,577.1,123.0,635.4,185.6,0.932,200023
37,172.1,116.1,252.7,164.0,0.933,200024
37,238.8,144.5,285.0,215.7,0.933,200025
37,432.6,108.9,493.8,172.9,0.936,200026
37,433.0,2.9,514.6,57.1,0.939,200027
37,565.9,174.3,640.6,219.2,0.924,200028
37,173.1,65.6,225.6,131.5,0.934,200029
37,315.5,151.9,360.2,217.3,0.916,200030
37,499.4,174.9,568.5,221.6,0.905,200031
37,281.1,157.1,318.3,216.1,0.919,200032
38,344.5,228.1,425.3,270.5,0.945,100001
38,413.6,303.7,493.1,353.1,0.941,100002
38,412.5,354.1,462.0,415.4,0.937,100003
38,249.1,239.6,312.8,302.2,0.934,100004
38,433.7,239.7,500.9,301.3,0.904,100005
38,260.4,365.3,328.1,431.1,0.931,100006
38,541.6,357.2,590.9,427.4,0.932,100007
38,497.2,227.6,546.3,274.1,0.923,100008
38,585.6,357.0,629.8,424.7,0.922,100009
38,178.9,289.8,258.6,334.5,0.923,100010
38,190.4,329.5,246.5,381.8,0.921,100011
38,222.9,354.3,274.5,424.1,0.911,100012
38,175.2,241.6,248.1,288.4,0.91,100013
38,469.0,372.3,520.1,445.6,0.912,100014
38,195.1,366.4,240.9,417.1,0.885,100015
38,185.2,225.1,256.1,254.1,0.862,100016
38,247.0,75.2,303.4,126.9,0.934,200017
38,570.8,7.4,631.7,67.5,0.943,200018
38,369.2,3.9,426.4,63.2,0.94,200019
38,411.6,44.0,475.1,93.6,0.942,200020
38,161.0,0.2,243.9,60.5,0.92,200021
38,183.0,164.6,243.7,215.2,0.929,200022
38,577.6,122.9,636.2,185.7,0.934,200023
38,172.5,116.0,253.9,163.9,0.935,200024
38,239.6,144.5,286.0,215.5,0.931,200025
38,432.9,108.3,493.9,172.9,0.935,200026
38,432.6,2.6,514.9,57.2,0.94,200027
38,566.3,174.6,641.3,219.2,0.924,200028
38,173.8,65.7,226.1,131.2,0.937,200029
38,316.2,152.5,361.0,217.0,0.913,200030
38,500.2,174.9,569.1,222.3,0.912,200031
38,281.8,157.1,318.8,216.2,0.916,200032
39,344.5,228.1,425.3,270.5,0.945,100001
39,413.7,303.7,493.2,353.1,0.941,100002
39,412.5,354.1,462.0,415.4,0.937,100003
39,249.1,239.7,312.7,302.2,0.934,100004
39,433.7,239.7,500.9,301.3,0.904,100005
39,260.4,365.2,328.1,431.1,0.931,100006
39,541.6,357.2,590.9,427.4,0.932,100007
39,497.3,227.6,546.3,274.1,0.924,100008
39,585.3,357.0,629.8,424.7,0.923,100009
39,179.0,289.8,258.6,334.5,0.923,100010
39,190.4,329.5,246.5,381.8,0.92,100011
39,222.9,354.3,274.5,424.0,0.911,100012
39,175.3,241.6,248.2,288.4,0.91,100013
39,469.0,372.4,520.1,445.5,0.912,100014
39,195.1,366.4,240.9,417.2,0.885,100015
39,185.4,225.1,256.3,254.1,0.866,100016
39,247.0,75.2,303.4,126.9,0.934,200017
39,570.8,7.4,631.7,67.5,0.944,200018
39,369.2,3.9,426.3,63.2,0.94,200019
39,411.6,44.0,475.1,93.6,0.942,200020
39,161.3,0.2,243.9,60.6,0.919,200021
39,183.0,164.6,243.6,215.2,0.929,200022
39,577.6,122.9,636.2,185.7,0.934,200023
39,172.5,116.0,253.9,163.9,0.935,200024
39,239.6,144.5,286.0,215.5,0.931,200025
39,432.9,108.3,493.9,172.9,0.935,200026
39,432.6,2.6,514.9,57.2,0.94,200027
39,566.3,174.6,641.3,219.2,0.924,200028
39,173.8,65.7,226.1,131.3,0.937,200029
39,316.2,152.5,360.9,217.1,0.913,200030
39,500.3,174.9,569.0,222.4,0.912,200031
39,281.8,157.1,318.8,216.1,0.916,200032
40,343.8,228.1,424.7,270.5,0.945,100001
40,413.4,303.7,493.5,353.1,0.938,100002
40,412.0,354.0,461.7,415.5,0.937,100003
40,248.5,239.4,312.2,302.0,0.935,100004
40,432.5,241.1,498.6,300.2,0.906,100005
40,259.6,365.0,327.2,431.1,0.936,100006
40,541.0,357.5,590.2,427.0,0.936,100007
40,496.7,227.9,545.8,275.9,0.917,100008
40,585.2,357.1,629.6,424.7,0.923,100009
40,178.3,289.5,258.6,335.0,0.92,100010
40,189.9,329.8,246.3,382.3,0.918,100011
40,222.0,354.0,274.0,425.6,0.915,100012
40,175.9,241.8,247.4,288.3,0.905,100013
40,468.4,372.4,519.9,446.2,0.924,100014
40,194.5,366.1,240.6,418.9,0.876,100015
40,185.8,225.4,256.1,254.2,0.818,100016
40,250.5,68.5,308.0,121.3,0.933,200017
40,570.3,7.3,631.1,67.3,0.943,200018
40,368.4,3.9,425.8,63.2,0.939,200019
40,411.3,44.0,475.0,93.6,0.945,200020
40,160.7,0.1,242.4,62.3,0.918,200021
40,182.3,164.8,242.8,215.3,0.93,200022
40,576.9,123.0,635.7,185.4,0.933,200023
40,171.9,115.9,252.9,163.9,0.934,200024
40,239.0,144.4,285.2,215.5,0.931,200025
40,432.4,106.5,494.2,172.4,0.932,200026
40,432.4,2.5,514.5,57.4,0.941,200027
40,566.2,174.5,640.3,219.2,0.922,200028
40,173.1,65.8,225.8,131.3,0.935,200029
40,315.6,152.6,360.4,217.2,0.911,200030
40,499.7,174.9,568.1,222.7,0.909,200031
40,281.2,156.8,318.6,216.1,0.917,200032
41,343.8,228.1,424.7,270.5,0.945,100001
41,413.4,303.7,493.5,353.0,0.938,100002
41,412.0,354.0,461.7,415.5,0.938,100003
41,248.5,239.3,312.2,302.1,0.935,100004
41,432.5,241.0,498.7,300.1,0.905,100005
41,259.6,365.1,327.2,431.1,0.936,100006
41,541.0,357.4,590.2,427.1,0.936,100007
41,496.7,227.9,545.8,275.3,0.917,100008
41,585.1,357.2,629.5,424.7,0.923,100009
41,178.3,289.5,258.6,335.0,0.92,100010
41,189.9,329.8,246.3,382.3,0.918,100011
41,222.0,354.0,274.0,425.6,0.915,100012
41,176.2,241.8,247.4,288.3,0.903,100013
41,468.4,372.4,519.9,446.2,0.924,100014
41,194.5,366.1,240.6,418.6,0.877,100015
41,185.8,225.4,256.3,254.2,0.812,100016
41,250.5,68.5,308.0,121.3,0.933,200017
41,570.3,7.3,631.1,67.3,0.943,200018
41,368.4,3.9,425.8,63.2,0.939,200019
41,411.3,44.0,475.0,93.6,0.945,200020
41,160.8,0.1,242.4,62.3,0.917,200021
41,182.3,164.8,242.8,215.3,0.93,200022
41,576.9,123.0,635.7,185.4,0.933,200023
41,171.9,116.0,252.9,163.9,0.934,200024
41,238.9,144.4,285.2,215.5,0.932,200025
41,432.4,106.5,494.3,172.4,0.932,200026
41,432.4,2.5,514.5,57.4,0.941,200027
41,566.2,174.5,640.3,219.2,0.922,200028
41,173.1,65.9,225.8,131.3,0.935,200029
41,315.6,152.6,360.4,217.2,0.912,200030
41,499.7,174.9,568.1,222.7,0.909,200031
41,281.2,156.8,318.6,216.0,0.917,200032
42,344.2,228.1,425.4,270.6,0.945,100001
42,416.1,304.0,494.4,353.0,0.94,100002
42,412.5,353.7,461.8,415.5,0.935,100003
42,249.1,239.3,312.5,302.1,0.934,100004
42,431.3,244.3,499.9,299.5,0.921,100005
42,260.4,365.3,328.2,431.1,0.933,100006
42,541.6,357.5,590.7,427.1,0.932,100007
42,496.9,227.8,546.2,276.7,0.92,100008
42,585.3,357.0,629.8,424.7,0.921,100009
42,178.8,289.1,259.3,334.8,0.924,100010
42,190.3,329.5,246.7,381.7,0.919,100011
42,222.6,354.0,274.6,425.6,0.914,100012
42,174.9,242.6,248.2,288.3,0.905,100013
42,468.8,372.5,520.5,444.9,0.926,100014
42,195.1,366.4,240.7,417.1,0.886,100015
42,186.6,225.5,256.6,254.2,0.811,100016
42,249.8,75.1,308.1,124.6,0.93,200017
42,570.5,7.1,631.7,67.2,0.942,200018
42,369.3,3.8,426.2,63.3,0.941,200019
42,411.5,43.8,475.1,93.1,0.942,200020
42,158.8,0.1,244.7,60.5,0.913,200021
42,183.1,164.4,243.8,215.2,0.93,200022
42,577.4,123.1,636.7,185.7,0.934,200023
42,172.6,116.0,253.4,163.9,0.935,200024
42,239.4,144.5,285.6,215.6,0.931,200025
42,433.0,102.3,497.7,172.3,0.932,200026
42,434.6,2.6,514.9,57.6,0.943,200027
42,566.4,174.4,641.5,219.2,0.925,200028
42,173.6,66.2,226.2,131.4,0.934,200029
42,316.3,152.5,361.2,217.0,0.914,200030
42,500.2,174.8,568.6,223.1,0.915,200031
42,281.7,156.8,319.0,215.9,0.915,200032
43,344.2,228.1,425.4,270.6,0.945,100001
43,416.2,304.0,494.4,353.0,0.94,100002
43,412.5,353.7,461.8,415.5,0.936,100003
43,249.0,239.4,312.5,302.0,0.934,100004
43,431.4,244.8,499.9,299.4,0.923,100005
43,260.4,365.3,328.2,431.1,0.933,100006
43,541.6,357.5,590.7,427.2,0.932,100007
43,496.9,227.8,546.2,276.7,0.921,100008
43,585.4,357.0,629.8,424.7,0.922,100009
43,178.7,289.1,259.3,334.8,0.924,100010
43,190.3,329.5,246.7,381.6,0.919,100011
43,222.6,354.0,274.6,425.7,0.915,100012
43,174.9,242.6,248.2,288.3,0.905,100013
43,468.8,372.5,520.5,444.9,0.926,100014
43,195.1,366.3,240.6,417.0,0.886,100015
43,186.6,225.5,256.6,254.2,0.812,100016
43,249.8,75.1,308.1,124.6,0.929,200017
43,570.5,7.1,631.7,67.2,0.942,200018
43,369.3,3.8,426.2,63.3,0.941,200019
43,411.5,43.8,475.1,93.1,0.942,200020
43,158.7,0.1,244.7,60.5,0.911,200021
43,183.0,164.4,243.7,215.2,0.93,200022
43,577.4,123.1,636.7,185.8,0.934,200023
43,172.6,116.0,253.4,163.9,0.935,200024
43,239.4,144.5,285.7,215.6,0.931,200025
43,433.0,102.3,497.6,172.3,0.932,200026
43,434.6,2.6,514.9,57.5,0.943,200027
43,566.4,174.5,641.5,219.2,0.925,200028
43,173.6,66.3,226.2,131.4,0.933,200029
43,316.2,152.5,361.3,217.0,0.914,200030
43,500.1,174.8,568.5,223.1,0.915,200031
43,281.7,156.8,319.0,215.9,0.915,200032
44,343.9,228.1,424.8,270.5,0.944,100001
44,416.1,304.5,493.7,353.9,0.941,100002
44,412.4,354.3,461.2,415.1,0.937,100003
44,248.6,239.4,312.1,302.3,0.934,100004
44,430.2,244.0,499.7,299.6,0.916,100005
44,260.3,365.0,326.8,431.2,0.934,100006
44,540.9,356.9,590.5,427.9,0.935,100007
44,497.1,227.9,545.8,276.2,0.92,100008
44,585.4,357.2,629.7,424.7,0.925,100009
44,178.4,289.2,258.6,334.8,0.927,100010
44,190.0,329.7,246.2,382.1,0.919,100011
44,221.6,353.9,274.2,425.5,0.916,100012
44,174.9,242.7,247.3,288.5,0.903,100013
44,468.2,372.7,520.0,442.0,0.932,100014
44,194.7,366.1,240.4,416.6,0.888,100015
44,186.3,225.3,256.2,254.1,0.784,100016
44,245.0,83.0,303.2,131.2,0.931,200017
44,570.1,7.0,631.2,67.2,0.943,200018
44,369.5,3.9,426.1,63.4,0.941,200019
44,411.2,43.8,474.9,93.2,0.941,200020
44,158.3,0.2,245.1,60.1,0.909,200021
44,182.3,165.1,242.8,215.3,0.931,200022
44,576.9,123.0,636.2,185.7,0.932,200023
44,172.7,116.0,252.8,164.0,0.934,200024
44,238.7,144.3,285.3,215.7,0.931,200025
44,432.4,101.6,496.9,172.3,0.933,200026
44,434.4,2.6,514.4,57.5,0.943,200027
44,566.1,174.6,640.8,219.2,0.927,200028
44,173.0,66.5,225.9,130.5,0.929,200029
44,315.7,152.6,360.7,217.2,0.912,200030
44,499.8,174.8,568.4,222.9,0.909,200031
44,281.3,156.8,318.7,216.2,0.916,200032
45,343.9,228.1,424.8,270.5,0.944,100001
45,416.1,304.5,493.7,353.9,0.941,100002
45,412.4,354.3,461.2,415.1,0.937,100003
45,248.7,239.4,312.1,302.4,0.934,100004
45,430.2,243.2,499.5,299.7,0.915,100005
45,260.3,365.0,326.9,431.2,0.934,100006
45,541.0,356.9,590.5,427.9,0.936,100007
45,497.1,227.9,545.8,276.1,0.92,100008
45,585.6,357.2,629.7,424.7,0.925,100009
45,178.4,289.3,258.6,334.9,0.927,100010
45,190.0,329.7,246.2,382.1,0.919,100011
45,221.6,353.9,274.2,425.5,0.916,100012
45,174.9,242.7,247.3,288.5,0.903,100013
45,468.2,372.7,520.0,442.1,0.932,100014
45,194.7,366.1,240.4,416.6,0.888,100015
45,186.3,225.3,256.3,254.1,0.779,100016
45,245.0,83.0,303.2,131.2,0.931,200017
45,570.1,7.0,631.2,67.2,0.942,200018
45,369.6,3.9,426.1,63.4,0.941,200019
45,411.2,43.7,474.8,93.2,0.941,200020
45,158.6,0.2,245.1,60.1,0.908,200021
45,182.3,165.1,242.8,215.3,0.931,200022
45,577.0,123.0,636.3,185.6,0.932,200023
45,172.7,116.0,252.8,164.0,0.934,200024
45,238.7,144.4,285.3,215.7,0.931,200025
45,432.4,101.6,496.9,172.3,0.934,200026
45,434.4,2.6,514.4,57.5,0.943,200027
45,566.1,174.6,640.9,219.2,0.927,200028
45,173.0,66.5,225.9,130.5,0.929,200029
45,315.7,152.6,360.7,217.2,0.912,200030
45,499.8,174.8,568.4,222.9,0.909,200031
45,281.2,156.8,318.7,216.2,0.916,200032
46,343.7,228.2,424.9,270.5,0.945,100001
46,416.2,304.7,493.5,354.1,0.94,100002
46,412.6,354.6,461.6,414.8,0.938,100003
46,248.9,239.6,312.3,302.5,0.932,100004
46,432.7,240.1,499.4,299.7,0.911,100005
46,260.6,365.3,327.6,431.0,0.934,100006
46,541.5,357.6,590.9,427.6,0.933,100007
46,497.7,228.0,545.8,275.8,0.915,100008
46,585.3,357.7,629.8,426.2,0.921,100009
46,179.0,289.6,258.6,334.8,0.925,100010
46,190.3,329.4,246.5,381.8,0.916,100011
46,221.1,354.5,274.3,425.6,0.911,100012
46,177.3,242.2,247.5,288.6,0.899,100013
46,468.1,372.8,519.8,445.5,0.923,100014
46,194.5,366.1,240.4,416.2,0.892,100015
46,186.4,225.6,257.1,254.0,0.82,100016
46,244.2,84.3,304.0,131.3,0.93,200017
46,569.9,7.1,631.5,67.6,0.942,200018
46,369.5,4.1,426.2,63.4,0.941,200019
46,411.2,43.3,474.6,93.3,0.945,200020
46,158.2,0.3,246.1,59.3,0.907,200021
46,182.8,163.5,243.0,215.3,0.932,200022
46,577.4,123.1,636.4,185.9,0.932,200023
46,174.9,116.0,252.9,163.7,0.932,200024
46,239.1,144.3,285.9,215.5,0.931,200025
46,432.7,101.0,497.5,172.5,0.933,200026
46,434.9,2.5,514.7,57.5,0.944,200027
46,566.4,174.5,641.7,219.3,0.928,200028
46,172.9,66.3,226.0,129.5,0.926,200029
46,315.9,152.2,361.2,217.3,0.913,200030
46,500.1,174.8,569.2,222.5,0.908,200031
46,281.8,156.5,318.8,216.1,0.915,200032
47,343.7,228.2,425.0,270.5,0.945,100001
47,416.2,304.8,493.5,354.1,0.94,100002
47,412.6,354.6,461.6,414.8,0.938,100003
47,248.9,239.5,312.3,302.5,0.932,100004
47,432.7,240.0,499.4,299.7,0.912,100005
47,260.7,365.3,327.6,431.0,0.933,100006
47,541.5,357.7,590.8,427.6,0.933,100007
47,497.7,228.0,545.8,275.9,0.914,100008
47,585.3,357.7,629.8,426.2,0.922,100009
47,179.0,289.5,258.6,334.9,0.926,100010
47,190.4,329.5,246.5,381.8,0.916,100011
47,221.0,354.3,274.3,425.3,0.91,100012
47,177.6,242.1,247.5,288.6,0.899,100013
47,468.1,372.7,519.8,445.4,0.924,100014
47,194.5,366.1,240.4,416.2,0.891,100015
47,186.3,225.5,257.1,254.0,0.824,100016
47,244.2,84.4,304.0,131.3,0.93,200017
47,569.9,7.1,631.5,67.5,0.942,200018
47,369.5,4.1,426.2,63.4,0.941,200019
47,411.2,43.3,474.6,93.3,0.945,200020
47,158.1,0.3,246.0,59.3,0.908,200021
47,182.8,163.5,243.0,215.3,0.932,200022
47,577.5,123.1,636.4,186.0,0.932,200023
47,174.9,116.0,252.9,163.7,0.932,200024
47,239.1,144.4,285.9,215.5,0.931,200025
47,432.7,101.0,497.5,172.5,0.934,200026
47,434.8,2.5,514.7,57.5,0.944,200027
47,566.4,174.6,641.8,219.3,0.928,200028
47,172.9,66.3,226.0,129.5,0.926,200029
47,316.1,152.5,361.2,217.2,0.913,200030
47,500.0,174.8,569.2,222.5,0.908,200031
47,281.8,156.5,318.8,216.1,0.915,200032
48,343.8,228.1,425.1,270.6,0.946,100001
48,415.3,303.7,492.9,354.2,0.938,100002
48,412.6,354.0,461.7,414.7,0.941,100003
48,248.8,239.2,312.5,302.6,0.933,100004
48,433.3,241.6,500.5,299.7,0.91,100005
48,260.6,365.3,328.0,430.9,0.933,100006
48,541.7,357.8,590.9,427.6,0.93,100007
48,497.1,228.0,546.7,274.5,0.891,100008
48,586.0,357.9,629.7,426.3,0.923,100009
48,178.8,289.2,258.5,334.5,0.926,100010
48,190.2,329.8,246.2,382.7,0.92,100011
48,220.4,354.6,274.1,425.2,0.909,100012
48,175.8,242.1,247.2,288.5,0.905,100013
48,467.8,372.2,519.5,448.5,0.91,100014
48,194.7,366.0,240.6,416.7,0.895,100015
48,186.4,225.6,256.2,253.9,0.827,100016
48,241.0,86.3,304.4,132.1,0.932,200017
48,570.1,7.2,631.5,67.7,0.942,200018
48,369.6,4.3,425.7,63.6,0.939,200019
48,407.0,43.2,474.0,93.3,0.939,200020
48,157.7,0.0,246.1,58.7,0.92,200021
48,182.4,163.5,242.8,215.1,0.937,200022
48,577.3,123.1,636.2,185.8,0.927,200023
48,175.2,116.0,253.4,163.7,0.933,200024
48,238.9,144.5,285.8,215.9,0.932,200025
48,432.1,101.6,497.6,172.7,0.933,200026
48,436.7,2.6,514.6,57.7,0.946,200027
48,566.0,174.2,640.7,219.0,0.925,200028
48,173.0,66.2,225.8,129.8,0.922,200029
48,315.9,152.4,361.1,217.2,0.916,200030
48,499.9,174.9,567.8,221.6,0.911,200031
48,281.7,156.8,318.7,216.3,0.917,200032
49,343.8,228.1,425.1,270.6,0.946,100001
49,415.3,303.8,492.9,354.2,0.938,100002
49,412.6,354.0,461.7,414.7,0.941,100003
49,248.8,239.2,312.5,302.6,0.933,100004
49,433.3,241.6,500.5,299.7,0.91,100005
49,260.6,365.3,328.0,430.9,0.933,100006
49,541.7,357.8,590.9,427.6,0.93,100007
49,497.1,228.0,546.7,274.5,0.891,100008
49,586.0,357.9,629.7,426.3,0.923,100009
49,178.8,289.2,258.5,334.5,0.926,100010
49,190.2,329.8,246.2,382.7,0.92,100011
49,220.4,354.6,274.1,425.2,0.909,100012
49,175.8,242.1,247.2,288.5,0.905,100013
49,467.8,372.2,519.5,448.5,0.91,100014
49,194.7,366.0,240.6,416.7,0.895,100015
49,186.4,225.6,256.2,253.9,0.827,100016
49,241.0,86.3,304.4,132.1,0.932,200017
49,570.1,7.2,631.5,67.7,0.942,200018
49,369.6,4.3,425.7,63.6,0.939,200019
49,407.0,43.2,474.0,93.3,0.939,200020
49,157.7,0.0,246.1,58.7,0.92,200021
49,182.4,163.5,242.8,215.1,0.937,200022
49,577.3,123.1,636.2,185.8,0.928,200023
49,175.2,116.0,253.4,163.7,0.933,200024
49,238.9,144.5,285.8,215.9,0.932,200025
49,432.1,101.6,497.6,172.7,0.933,200026
49,436.7,2.6,514.6,57.7,0.946,200027
49,566.0,174.2,640.7,219.0,0.925,200028
49,173.0,66.2,225.8,129.8,0.922,200029
49,315.9,152.4,361.1,217.2,0.916,200030
49,499.9,174.9,567.8,221.6,0.911,200031
49,281.7,156.8,318.7,216.3,0.917,200032
50,343.8,228.1,425.3,270.6,0.947,100001
50,414.9,304.2,492.6,354.0,0.931,100002
50,411.8,354.2,461.9,414.6,0.941,100003
50,248.6,239.5,312.5,302.9,0.933,100004
50,432.8,241.0,501.4,300.7,0.903,100005
50,260.5,365.4,328.1,430.7,0.934,100006
50,541.5,357.6,590.9,427.5,0.932,100007
50,491.5,227.9,546.9,274.8,0.892,100008
50,585.6,357.5,629.6,426.1,0.924,100009
50,178.6,289.1,258.3,334.5,0.922,100010
50,190.0,329.9,246.4,382.4,0.921,100011
50,219.9,354.3,273.9,424.9,0.906,100012
50,176.0,242.5,247.1,288.6,0.907,100013
50,467.6,372.2,519.0,451.6,0.91,100014
50,194.5,366.0,240.8,416.9,0.894,100015
50,186.1,225.6,254.0,254.3,0.839,100016
50,237.2,87.7,303.0,133.3,0.933,200017
50,569.6,7.3,631.5,67.7,0.944,200018
50,369.6,4.1,425.0,63.7,0.938,200019
50,406.9,43.2,473.5,93.2,0.938,200020
50,160.1,0.3,246.5,59.0,0.902,200021
50,182.0,164.1,242.5,215.2,0.934,200022
50,577.1,123.1,635.7,185.7,0.931,200023
50,174.7,115.9,252.8,163.7,0.93,200024
50,238.7,144.5,285.6,216.0,0.931,200025
50,431.4,102.0,496.8,173.2,0.934,200026
50,436.6,2.7,514.2,57.8,0.946,200027
50,565.9,174.2,640.2,219.0,0.925,200028
50,173.0,66.3,225.9,129.4,0.919,200029
50,315.9,152.7,360.9,217.1,0.913,200030
50,499.8,174.9,567.7,221.3,0.911,200031
50,281.4,156.7,318.7,216.3,0.916,200032
51,343.8,228.1,425.2,270.6,0.946,100001
51,414.9,304.3,492.6,354.0,0.932,100002
51,411.8,354.1,461.9,414.6,0.94,100003
51,248.6,239.4,312.5,302.9,0.934,100004
51,432.9,241.0,501.3,300.7,0.903,100005
51,260.5,365.4,328.1,430.8,0.934,100006
51,541.5,357.6,590.9,427.5,0.932,100007
51,491.4,227.9,546.9,274.8,0.892,100008
51,585.5,357.5,629.6,426.1,0.923,100009
51,178.6,289.1,258.3,334.4,0.922,100010
51,190.0,329.9,246.4,382.4,0.921,100011
51,219.9,354.3,273.9,424.9,0.906,100012
51,176.1,242.5,247.1,288.6,0.907,100013
51,467.6,372.2,519.0,451.6,0.91,100014
51,194.5,366.0,240.8,416.9,0.894,100015
51,186.1,225.6,254.3,254.3,0.841,100016
51,237.2,87.7,303.0,133.3,0.933,200017
51,569.6,7.3,631.4,67.7,0.944,200018
51,369.6,4.1,425.0,63.7,0.937,200019
51,406.8,43.2,473.5,93.2,0.938,200020
51,160.2,0.3,246.5,59.1,0.901,200021
51,182.0,164.2,242.5,215.2,0.934,200022
51,577.1,123.1,635.7,185.7,0.931,200023
51,174.8,115.9,252.7,163.7,0.93,200024
51,238.6,144.5,285.6,216.0,0.931,200025
51,431.4,102.0,496.8,173.2,0.934,200026
51,436.6,2.7,514.2,57.8,0.946,200027
51,566.0,174.2,640.3,219.0,0.926,200028
51,173.0,66.3,225.9,129.4,0.919,200029
51,315.9,152.7,360.9,217.1,0.913,200030
51,499.8,174.9,567.6,221.2,0.911,200031
51,281.4,156.7,318.7,216.2,0.916,200032
52,344.7,228.1,425.3,270.6,0.947,100001
52,416.1,303.8,491.9,353.1,0.937,100002
52,412.0,353.7,461.9,414.6,0.939,100003
52,248.9,239.3,312.6,302.6,0.933,100004
52,433.5,240.8,503.1,301.2,0.909,100005
52,260.4,365.5,328.1,431.2,0.933,100006
52,542.0,357.4,590.9,427.6,0.93,100007
52,489.1,227.2,548.1,273.4,0.919,100008
52,586.4,357.1,629.7,426.2,0.924,100009
52,178.3,289.3,258.5,334.1,0.923,100010
52,190.2,329.6,246.5,382.3,0.922,100011
52,218.9,354.1,274.2,425.0,0.909,100012
52,175.6,242.3,247.2,288.6,0.913,100013
52,468.0,371.9,519.5,453.5,0.914,100014
52,194.8,365.9,240.8,416.7,0.89,100015
52,185.7,225.6,250.8,254.6,0.859,100016
52,234.1,90.1,302.4,134.5,0.934,200017
52,570.0,7.4,631.6,67.6,0.944,200018
52,370.0,3.9,425.8,63.7,0.939,200019
52,407.3,43.1,473.7,93.4,0.94,200020
52,161.6,0.6,247.0,58.6,0.903,200021
52,182.5,164.2,243.1,215.3,0.933,200022
52,577.5,123.2,636.4,186.5,0.928,200023
52,175.0,116.0,251.2,163.9,0.928,200024
52,239.3,144.2,285.8,216.0,0.929,200025
52,431.9,100.9,497.7,173.6,0.932,200026
52,436.8,2.7,514.6,57.7,0.945,200027
52,566.1,174.2,640.8,218.7,0.925,200028
52,173.4,66.4,226.2,128.8,0.924,200029
52,316.4,152.6,361.3,217.1,0.916,200030
52,499.9,174.9,567.8,221.4,0.917,200031
52,281.6,157.0,318.9,216.3,0.917,200032
53,347.4,228.0,424.9,270.5,0.943,100001
53,417.2,303.9,492.1,353.0,0.939,100002
53,412.1,353.2,461.7,414.7,0.937,100003
53,248.6,239.2,312.4,302.5,0.932,100004
53,433.8,244.7,502.9,299.8,0.907,100005
53,260.6,365.0,326.8,430.8,0.938,100006
53,541.5,357.3,590.6,426.9,0.93,100007
53,489.2,227.4,548.0,273.1,0.923,100008
53,584.8,357.4,629.5,426.2,0.922,100009
53,178.2,289.1,258.1,334.3,0.925,100010
53,189.9,329.7,246.1,382.4,0.92,100011
53,219.8,354.1,274.0,425.1,0.909,100012
53,174.9,242.5,247.2,288.6,0.91,100013
53,467.9,372.6,519.8,456.5,0.901,100014
53,194.8,366.1,240.5,417.1,0.883,100015
53,185.3,225.6,253.8,255.1,0.891,100016
53,233.2,89.8,305.5,136.6,0.934,200017
53,569.7,7.5,631.2,67.5,0.944,200018
53,369.3,3.9,425.2,63.8,0.938,200019
53,406.5,43.0,473.8,93.9,0.94,200020
53,163.8,0.8,246.6,58.6,0.9,200021
53,182.0,164.6,243.1,215.4,0.932,200022
53,577.0,123.0,635.5,186.3,0.928,200023
53,175.0,115.9,249.4,163.7,0.928,200024
53,238.9,144.1,285.4,216.0,0.927,200025
53,431.4,101.3,497.8,173.4,0.932,200026
53,436.3,2.6,514.3,57.6,0.946,200027
53,565.9,174.1,639.9,218.8,0.923,200028
53,173.1,66.4,226.0,128.0,0.914,200029
53,315.8,152.0,361.0,217.2,0.918,200030
53,499.8,174.9,567.7,221.1,0.917,200031
53,281.1,154.8,318.8,216.3,0.904,200032
54,347.8,228.0,425.5,270.5,0.942,100001
54,417.5,303.6,493.0,352.7,0.938,100002
54,409.2,352.7,462.4,411.7,0.937,100003
54,249.1,239.6,313.1,302.6,0.93,100004
54,435.2,244.5,503.3,298.6,0.92,100005
54,260.9,365.3,328.1,430.8,0.933,100006
54,541.8,357.0,590.6,426.6,0.929,100007
54,489.8,226.9,548.7,273.0,0.92,100008
54,586.5,357.3,629.8,426.3,0.923,100009
54,178.6,288.9,258.6,334.3,0.926,100010
54,190.3,329.8,246.7,382.0,0.918,100011
54,218.9,354.2,274.5,425.1,0.91,100012
54,175.7,242.5,248.0,288.5,0.915,100013
54,468.9,373.0,520.6,453.2,0.902,100014
54,195.1,366.0,240.6,416.1,0.886,100015
54,185.5,225.6,253.4,255.4,0.894,100016
54,234.5,90.2,305.2,137.4,0.933,200017
54,570.0,7.4,631.8,67.5,0.942,200018
54,369.6,3.9,425.6,63.6,0.939,200019
54,406.9,43.0,474.2,93.6,0.939,200020
54,161.4,0.5,247.5,58.4,0.91,200021
54,182.8,164.6,243.4,215.4,0.93,200022
54,577.5,123.0,636.2,186.6,0.933,200023
54,172.8,115.8,250.6,163.7,0.928,200024
54,239.3,144.0,286.2,215.7,0.927,200025
54,432.2,101.7,499.9,173.7,0.933,200026
54,437.3,2.6,514.7,57.7,0.941,200027
54,566.1,174.2,640.4,218.7,0.92,200028
54,173.6,66.5,226.4,128.7,0.923,200029
54,316.3,152.1,361.7,217.1,0.919,200030
54,500.2,174.9,567.9,220.7,0.916,200031
54,281.9,155.6,319.1,216.2,0.905,200032
55,347.3,228.0,424.7,270.5,0.941,100001
55,415.8,304.0,492.5,352.9,0.933,100002
55,408.0,352.9,462.0,411.0,0.936,100003
55,248.6,239.0,312.4,302.5,0.933,100004
55,434.2,243.9,502.7,296.3,0.931,100005
55,260.6,365.0,327.2,430.8,0.935,100006
55,541.3,356.9,590.4,426.7,0.932,100007
55,489.1,226.5,548.3,274.1,0.919,100008
55,585.4,357.3,629.4,426.2,0.922,100009
55,178.3,289.0,258.1,334.3,0.926,100010
55,189.7,329.6,246.2,382.1,0.919,100011
55,217.2,354.4,274.2,425.0,0.911,100012
55,175.0,242.9,247.2,288.6,0.914,100013
55,469.0,373.0,520.5,455.5,0.902,100014
55,194.7,365.8,240.2,416.6,0.877,100015
55,185.3,225.7,253.0,255.7,0.903,100016
55,233.2,89.2,305.8,136.7,0.93,200017
55,569.7,7.4,631.2,67.6,0.943,200018
55,369.1,4.0,424.9,63.4,0.937,200019
55,409.2,43.2,474.2,93.0,0.942,200020
55,160.4,0.4,247.4,58.6,0.902,200021
55,182.0,164.8,242.3,215.5,0.931,200022
55,577.0,122.9,635.6,186.3,0.932,200023
55,171.4,115.9,250.8,163.8,0.929,200024
55,238.5,143.8,285.2,215.6,0.927,200025
55,431.7,101.4,500.2,173.7,0.933,200026
55,440.4,2.6,514.4,57.7,0.945,200027
55,565.9,174.1,640.0,219.0,0.923,200028
55,172.9,66.4,226.0,128.9,0.917,200029
55,315.7,152.0,361.0,217.2,0.918,200030
55,499.7,174.8,567.6,220.4,0.912,200031
55,281.0,154.7,318.8,216.2,0.903,200032
56,347.7,228.0,425.2,270.6,0.941,100001
56,415.9,304.0,492.5,353.2,0.931,100002
56,408.1,352.7,462.8,411.1,0.936,100003
56,249.1,239.8,312.9,301.7,0.932,100004
56,433.6,242.9,502.3,296.3,0.928,100005
56,260.8,365.3,328.3,430.8,0.933,100006
56,541.1,357.1,590.6,426.7,0.929,100007
56,490.2,226.3,548.6,273.8,0.919,100008
56,586.2,357.4,629.7,426.4,0.922,100009
56,178.8,289.1,258.4,333.8,0.925,100010
56,190.3,329.5,246.5,381.9,0.915,100011
56,218.4,354.7,274.5,425.5,0.91,100012
56,175.0,242.3,248.0,288.5,0.916,100013
56,469.8,372.5,521.3,449.5,0.917,100014
56,194.5,365.8,240.5,416.2,0.891,100015
56,185.8,225.6,253.4,255.4,0.904,100016
56,235.8,88.2,307.1,137.5,0.926,200017
56,570.0,7.3,631.7,67.6,0.941,200018
56,370.0,4.0,424.1,63.7,0.936,200019
56,404.0,38.9,473.8,87.8,0.932,200020
56,159.5,0.3,247.3,58.5,0.913,200021
56,182.6,164.3,243.3,215.5,0.929,200022
56,577.4,123.0,636.1,186.4,0.933,200023
56,171.8,115.8,252.0,163.8,0.922,200024
56,239.0,144.0,286.0,215.6,0.928,200025
56,432.0,101.2,500.8,173.4,0.932,200026
56,441.0,2.5,514.7,58.4,0.944,200027
56,565.9,174.1,640.3,218.8,0.922,200028
56,172.9,66.8,226.5,128.9,0.924,200029
56,316.2,152.2,361.7,217.1,0.919,200030
56,500.1,174.8,568.0,220.6,0.913,200031
56,281.7,155.3,319.2,216.1,0.899,200032
57,348.0,228.1,424.9,270.7,0.942,100001
57,417.1,303.6,493.2,353.0,0.935,100002
57,407.3,352.7,462.5,409.4,0.932,100003
57,248.9,239.4,312.6,302.0,0.933,100004
57,433.9,242.3,502.9,297.0,0.924,100005
57,260.9,365.3,328.3,430.7,0.933,100006
57,541.2,357.0,590.4,426.6,0.93,100007
57,490.9,226.1,547.3,273.8,0.92,100008
57,586.0,357.6,629.6,426.5,0.923,100009
57,178.8,289.1,258.3,333.8,0.925,100010
57,190.1,329.6,246.1,381.9,0.917,100011
57,219.1,354.8,274.4,425.4,0.909,100012
57,175.3,242.4,247.8,288.5,0.914,100013
57,469.3,371.8,521.1,448.8,0.923,100014
57,194.5,365.8,240.3,416.1,0.892,100015
57,185.4,225.9,252.8,255.6,0.905,100016
57,235.5,88.0,304.8,138.2,0.931,200017
57,570.1,7.4,631.3,67.5,0.943,200018
57,370.0,3.9,425.5,63.7,0.939,200019
57,403.0,42.0,472.4,91.2,0.937,200020
57,160.2,0.3,247.5,58.7,0.904,200021
57,182.3,164.8,243.5,215.5,0.931,200022
57,577.4,123.0,636.1,186.1,0.93,200023
57,171.6,115.8,250.9,163.9,0.925,200024
57,239.0,144.0,285.9,215.7,0.928,200025
57,431.6,105.3,494.0,173.1,0.93,200026
57,441.6,2.5,514.4,58.1,0.944,200027
57,565.9,174.4,640.4,218.8,0.92,200028
57,172.6,66.6,226.2,129.7,0.924,200029
57,316.1,152.2,361.8,217.1,0.919,200030
57,499.9,174.9,568.0,220.6,0.909,200031
57,281.5,156.5,319.0,216.1,0.908,200032
58,348.0,228.1,424.9,270.7,0.942,100001
58,417.2,303.7,493.1,353.0,0.935,100002
58,407.3,352.7,462.5,409.3,0.932,100003
58,248.9,239.4,312.6,302.0,0.933,100004
58,433.9,242.4,503.0,297.1,0.924,100005
58,260.9,365.3,328.3,430.7,0.933,100006
58,541.2,357.1,590.4,426.6,0.93,100007
58,490.8,226.1,547.4,273.8,0.92,100008
58,586.0,357.7,629.6,426.5,0.923,100009
58,178.8,289.1,258.3,333.8,0.925,100010
58,190.1,329.7,246.1,381.9,0.918,100011
58,219.2,354.8,274.4,425.4,0.91,100012
58,175.3,242.4,247.7,288.5,0.913,100013
58,469.3,371.8,521.1,448.8,0.924,100014
58,194.5,365.8,240.3,416.1,0.892,100015
58,185.4,225.8,252.8,255.6,0.906,100016
58,235.5,88.0,304.7,138.2,0.931,200017
58,570.1,7.3,631.3,67.5,0.943,200018
58,370.1,3.8,425.6,63.7,0.939,200019
58,403.0,42.0,472.4,91.2,0.937,200020
58,160.1,0.4,247.5,58.7,0.904,200021
58,182.3,164.8,243.6,215.5,0.931,200022
58,577.5,122.9,636.0,186.1,0.931,200023
58,171.6,115.8,250.8,163.9,0.925,200024
58,239.0,144.0,285.9,215.7,0.928,200025
58,431.8,105.4,494.1,173.4,0.93,200026
58,441.6,2.5,514.4,58.1,0.944,200027
58,565.9,174.4,640.4,218.8,0.92,200028
58,172.6,66.6,226.2,129.7,0.924,200029
58,316.1,152.2,361.8,217.1,0.919,200030
58,499.9,174.9,568.0,220.5,0.908,200031
58,281.5,156.5,319.0,216.1,0.908,200032
59,348.4,228.1,425.1,270.7,0.941,100001
59,418.0,303.5,494.1,352.6,0.93,100002
59,404.9,352.3,462.2,408.1,0.931,100003
59,248.7,239.7,312.4,301.9,0.934,100004
59,433.8,242.3,503.4,296.5,0.928,100005
59,261.1,365.1,327.3,430.9,0.933,100006
59,541.1,357.3,590.2,426.9,0.933,100007
59,491.0,227.1,546.5,273.1,0.915,100008
59,586.0,358.2,629.5,426.9,0.922,100009
59,178.4,288.9,258.4,333.9,0.925,100010
59,190.0,329.9,246.1,381.9,0.917,100011
59,222.6,354.5,274.3,423.9,0.905,100012
59,174.4,242.5,247.4,288.5,0.912,100013
59,468.9,371.4,520.7,449.3,0.922,100014
59,194.7,365.8,240.6,420.4,0.854,100015
59,185.3,225.9,252.6,255.7,0.903,100016
59,233.8,88.5,304.2,138.5,0.935,200017
59,570.0,7.4,631.1,67.3,0.944,200018
59,370.5,3.8,425.2,63.5,0.938,200019
59,395.2,39.9,473.1,90.5,0.938,200020
59,167.3,0.9,247.4,58.6,0.902,200021
59,182.0,164.9,242.9,215.4,0.932,200022
59,577.2,123.2,636.1,185.9,0.929,200023
59,170.7,115.8,248.5,163.9,0.93,200024
59,238.8,144.4,285.8,215.7,0.928,200025
59,432.1,106.7,493.7,173.5,0.932,200026
59,443.1,2.5,514.2,57.6,0.942,200027
59,565.9,174.5,639.9,219.1,0.922,200028
59,172.8,66.1,225.9,129.5,0.921,200029
59,315.8,152.2,361.4,217.1,0.918,200030
59,499.9,174.9,568.4,220.4,0.913,200031
59,281.5,156.5,318.9,216.2,0.909,200032
60,348.4,228.0,424.8,270.3,0.94,100001
60,419.5,303.6,494.2,352.7,0.929,100002
60,405.2,352.4,462.3,408.0,0.932,100003
60,248.6,239.0,312.3,301.7,0.932,100004
60,433.8,242.4,503.4,296.4,0.93,100005
60,261.1,365.3,327.5,431.0,0.932,100006
60,541.4,357.5,590.7,426.9,0.93,100007
60,491.0,226.5,546.3,272.8,0.916,100008
60,585.3,358.0,629.6,426.8,0.922,100009
60,178.3,289.1,258.3,334.2,0.925,100010
60,189.8,329.6,246.3,382.2,0.917,100011
60,222.0,354.5,274.2,423.7,0.905,100012
60,174.4,242.6,247.2,288.5,0.909,100013
60,468.7,371.5,520.5,447.8,0.905,100014
60,194.8,366.4,240.5,423.5,0.864,100015
60,184.5,225.8,253.0,255.4,0.889,100016
60,233.9,88.6,304.2,138.5,0.935,200017
60,570.0,7.3,631.1,67.1,0.943,200018
60,370.4,3.9,424.2,63.7,0.936,200019
60,395.0,40.0,473.2,90.4,0.936,200020
60,168.2,0.8,247.3,58.6,0.907,200021
60,182.0,165.0,243.3,215.4,0.933,200022
60,576.9,123.2,635.8,186.1,0.927,200023
60,170.6,115.7,248.5,163.8,0.928,200024
60,238.9,144.4,285.9,215.6,0.928,200025
60,431.9,106.7,493.6,173.0,0.934,200026
60,443.0,2.6,514.2,57.6,0.937,200027
60,565.7,174.2,640.0,219.0,0.923,200028
60,172.7,66.6,226.2,129.2,0.917,200029
60,315.6,152.1,361.1,217.4,0.916,200030
60,499.8,174.8,568.1,219.8,0.91,200031
60,281.3,156.5,318.7,216.3,0.911,200032
61,349.1,228.1,425.4,270.3,0.94,100001
61,418.9,303.5,494.6,353.2,0.928,100002
61,406.5,353.3,462.5,407.2,0.933,100003
61,249.2,239.6,312.8,301.6,0.931,100004
61,434.0,243.4,503.4,294.3,0.936,100005
61,261.1,364.8,327.6,430.9,0.933,100006
61,541.4,357.2,591.0,426.3,0.927,100007
61,491.4,226.5,545.9,273.9,0.913,100008
61,585.6,357.6,630.0,426.8,0.921,100009
61,178.6,288.9,258.5,333.8,0.926,100010
61,190.4,329.4,247.0,382.0,0.915,100011
61,223.5,354.4,274.9,423.5,0.907,100012
61,174.2,242.4,248.4,288.4,0.911,100013
61,469.3,371.7,521.2,442.7,0.929,100014
61,195.3,365.6,241.4,424.1,0.881,100015
61,185.7,225.7,253.7,255.1,0.867,100016
61,233.9,88.5,303.9,138.2,0.934,200017
61,570.5,7.1,631.6,67.0,0.941,200018
61,370.6,4.0,425.3,61.8,0.93,200019
61,390.9,37.3,473.3,87.2,0.937,200020
61,161.9,0.6,247.6,58.3,0.914,200021
61,182.9,164.9,243.9,215.3,0.93,200022
61,577.5,123.1,636.4,186.3,0.931,200023
61,171.6,116.0,249.4,163.8,0.927,200024
61,239.8,144.4,286.5,215.9,0.929,200025
61,432.7,106.9,493.8,173.2,0.933,200026
61,444.0,2.5,514.3,57.5,0.932,200027
61,566.1,174.2,640.5,218.8,0.923,200028
61,173.5,66.4,226.7,126.3,0.923,200029
61,316.3,152.1,361.7,217.2,0.916,200030
61,500.0,174.7,568.5,221.4,0.904,200031
61,281.9,156.6,319.2,216.2,0.911,200032
62,349.1,228.1,425.4,270.3,0.94,100001
62,418.8,303.5,494.6,353.2,0.927,100002
62,406.5,353.3,462.4,407.2,0.933,100003
62,249.1,239.5,312.8,301.6,0.931,100004
62,434.1,243.4,503.4,294.3,0.936,100005
62,261.0,364.8,327.6,430.9,0.932,100006
62,541.5,357.2,591.0,426.3,0.927,100007
62,491.5,226.7,546.1,273.8,0.914,100008
62,585.7,357.6,630.0,426.8,0.921,100009
62,178.5,288.9,258.5,333.8,0.926,100010
62,190.4,329.4,247.0,382.1,0.915,100011
62,223.6,354.4,274.8,423.5,0.907,100012
62,174.2,242.3,248.5,288.4,0.912,100013
62,469.3,371.7,521.2,442.7,0.928,100014
62,195.3,365.6,241.4,424.1,0.883,100015
62,185.7,225.7,253.8,255.1,0.865,100016
62,233.9,88.5,303.9,138.2,0.934,200017
62,570.5,7.1,631.6,67.0,0.941,200018
62,370.6,4.0,425.4,61.8,0.929,200019
62,390.9,37.3,473.3,87.2,0.938,200020
62,161.9,0.5,247.6,58.3,0.915,200021
62,182.9,164.9,243.8,215.3,0.931,200022
62,577.5,123.1,636.4,186.3,0.931,200023
62,171.6,116.0,249.3,163.8,0.927,200024
62,239.9,144.4,286.5,215.9,0.929,200025
62,432.7,106.9,493.8,173.2,0.933,200026
62,444.0,2.5,514.3,57.5,0.931,200027
62,566.0,174.2,640.5,218.8,0.924,200028
62,173.5,66.4,226.7,126.2,0.923,200029
62,316.3,152.0,361.7,217.2,0.916,200030
62,500.0,174.7,568.6,221.3,0.904,200031
62,281.9,156.6,319.2,216.2,0.912,200032
63,347.3,228.1,424.7,270.3,0.94,100001
63,417.3,303.7,493.5,353.9,0.932,100002
63,404.5,354.7,461.7,406.5,0.931,100003
63,248.2,239.5,312.2,301.8,0.934,100004
63,434.3,243.0,501.5,296.7,0.935,100005
63,260.8,365.3,327.4,431.0,0.936,100006
63,540.7,357.4,590.5,426.9,0.936,100007
63,491.0,227.1,545.4,274.0,0.928,100008
63,584.3,357.7,629.3,426.8,0.92,100009
63,178.2,288.9,257.7,334.0,0.926,100010
63,189.6,329.7,246.2,382.1,0.918,100011
63,222.0,354.3,274.0,423.5,0.906,100012
63,174.8,242.5,246.7,288.4,0.91,100013
63,468.6,371.7,520.3,441.1,0.923,100014
63,194.8,366.2,240.3,424.3,0.886,100015
63,184.7,225.6,253.3,254.7,0.867,100016
63,232.0,89.0,301.8,138.3,0.935,200017
63,570.0,6.8,630.8,67.1,0.942,200018
63,370.1,4.0,423.8,60.5,0.924,200019
63,390.8,35.9,472.3,85.7,0.93,200020
63,164.2,0.8,247.0,58.6,0.908,200021
63,181.7,164.9,242.9,215.4,0.933,200022
63,576.7,123.0,635.3,186.3,0.931,200023
63,170.0,116.0,249.3,163.9,0.928,200024
63,238.5,144.3,285.0,215.9,0.928,200025
63,432.0,107.0,493.6,173.3,0.933,200026
63,443.5,2.6,514.2,57.6,0.943,200027
63,565.7,174.3,640.3,218.9,0.924,200028
63,172.8,66.2,226.0,124.8,0.913,200029
63,315.0,151.8,360.7,217.2,0.916,200030
63,499.5,174.8,567.7,219.5,0.908,200031
63,280.5,156.7,318.4,216.1,0.914,200032
64,347.3,228.1,424.8,270.3,0.94,100001
64,417.4,303.7,493.5,353.9,0.931,100002
64,404.5,354.7,461.7,406.5,0.931,100003
64,248.2,239.5,312.2,301.8,0.934,100004
64,434.3,243.0,501.5,296.7,0.934,100005
64,260.8,365.3,327.4,431.0,0.935,100006
64,540.7,357.4,590.4,426.9,0.936,100007
64,491.0,227.1,545.4,274.0,0.928,100008
64,584.6,357.7,629.3,426.8,0.92,100009
64,178.3,288.8,257.7,334.0,0.926,100010
64,189.6,329.7,246.2,382.1,0.919,100011
64,221.9,354.3,274.0,423.5,0.906,100012
64,175.1,242.5,246.7,288.4,0.91,100013
64,468.6,371.7,520.3,441.2,0.922,100014
64,194.7,366.2,240.3,424.1,0.882,100015
64,184.7,225.6,253.2,254.7,0.863,100016
64,231.9,89.0,301.8,138.3,0.935,200017
64,570.0,6.8,630.8,67.1,0.942,200018
64,370.2,4.0,423.7,60.5,0.924,200019
64,390.8,35.9,472.3,85.7,0.93,200020
64,163.6,0.8,247.0,58.6,0.908,200021
64,181.7,164.9,242.9,215.4,0.933,200022
64,576.7,123.0,635.3,186.3,0.931,200023
64,170.0,116.0,249.4,163.9,0.928,200024
64,238.5,144.3,285.0,215.9,0.928,200025
64,432.0,107.0,493.6,173.3,0.933,200026
64,443.3,2.5,513.9,57.6,0.943,200027
64,565.7,174.3,640.3,218.9,0.924,200028
64,172.8,66.2,226.0,124.7,0.914,200029
64,315.1,151.8,360.7,217.3,0.915,200030
64,499.5,174.8,567.7,219.5,0.909,200031
64,280.5,156.7,318.4,216.1,0.915,200032
65,346.2,227.9,425.8,270.5,0.938,100001
65,418.2,303.6,494.3,354.6,0.929,100002
65,404.8,354.7,462.7,406.5,0.93,100003
65,249.1,239.6,313.4,301.8,0.934,100004
65,435.3,242.4,500.4,297.1,0.933,100005
65,261.0,365.5,328.8,430.9,0.933,100006
65,541.5,357.5,591.1,426.7,0.93,100007
65,491.3,227.2,547.5,273.7,0.927,100008
65,586.7,357.2,629.9,427.2,0.923,100009
65,181.0,289.4,258.7,334.0,0.926,100010
65,190.6,329.3,247.0,381.3,0.92,100011
65,223.9,353.9,274.7,423.3,0.909,100012
65,175.8,242.1,248.1,288.4,0.91,100013
65,469.1,371.7,520.8,442.6,0.923,100014
65,195.6,365.8,241.6,424.2,0.892,100015
65,186.0,225.6,249.0,254.3,0.835,100016
65,233.8,88.5,302.9,138.7,0.93,200017
65,570.5,6.7,632.0,67.0,0.941,200018
65,370.3,4.0,422.9,52.2,0.912,200019
65,390.7,34.8,473.0,83.5,0.925,200020
65,166.3,0.8,247.6,58.3,0.913,200021
65,183.3,164.8,244.2,215.3,0.93,200022
65,577.4,123.2,636.5,186.6,0.931,200023
65,170.6,116.0,248.8,163.8,0.929,200024
65,240.5,144.0,286.5,215.9,0.929,200025
65,433.4,107.9,494.9,173.3,0.934,200026
65,436.1,2.5,514.7,57.4,0.932,200027
65,565.9,174.2,640.2,219.0,0.93,200028
65,174.1,66.5,226.7,126.9,0.925,200029
65,316.3,151.9,361.5,217.2,0.907,200030
65,500.2,174.8,568.1,221.2,0.904,200031
65,281.8,156.9,319.1,216.1,0.918,200032
66,346.2,227.9,425.8,270.5,0.938,100001
66,418.1,303.5,494.3,354.6,0.928,100002
66,404.9,354.9,462.8,406.5,0.93,100003
66,249.1,239.6,313.4,301.8,0.933,100004
66,435.3,242.4,500.3,297.1,0.933,100005
66,261.0,365.5,328.7,431.0,0.933,100006
66,541.5,357.5,591.1,426.7,0.93,100007
66,491.3,227.2,547.5,273.8,0.927,100008
66,586.7,357.3,629.9,427.2,0.922,100009
66,180.9,289.3,258.7,334.0,0.926,100010
66,190.6,329.3,246.9,381.4,0.92,100011
66,223.7,353.9,274.7,423.3,0.909,100012
66,175.9,242.1,248.1,288.4,0.909,100013
66,469.1,371.7,520.8,442.7,0.923,100014
66,195.6,365.7,241.5,424.3,0.891,100015
66,186.0,225.6,248.9,254.3,0.835,100016
66,233.8,88.5,302.9,138.7,0.931,200017
66,570.5,6.7,631.9,67.0,0.941,200018
66,370.3,4.1,423.0,51.8,0.912,200019
66,390.7,34.8,473.0,83.5,0.923,200020
66,166.4,0.8,247.6,58.2,0.913,200021
66,183.3,164.8,244.1,215.3,0.93,200022
66,577.4,123.1,636.5,186.6,0.931,200023
66,170.6,115.9,248.8,163.8,0.929,200024
66,240.5,144.0,286.5,215.9,0.929,200025
66,433.3,107.9,494.9,173.3,0.934,200026
66,436.1,2.5,514.7,57.4,0.933,200027
66,565.9,174.2,640.2,219.0,0.93,200028
66,174.1,66.4,226.7,126.7,0.926,200029
66,316.3,151.9,361.5,217.2,0.907,200030
66,500.2,174.8,568.0,221.3,0.904,200031
66,281.8,156.9,319.2,216.1,0.918,200032
67,345.2,227.9,424.7,270.5,0.94,100001
67,420.3,305.8,494.5,354.9,0.924,100002
67,399.8,355.6,462.0,406.5,0.934,100003
67,248.3,239.3,312.0,301.5,0.934,100004
67,433.1,242.3,500.9,299.3,0.931,100005
67,260.8,365.4,327.8,431.1,0.933,100006
67,540.8,357.2,590.4,427.2,0.937,100007
67,491.1,227.3,546.4,273.7,0.926,100008
67,584.2,356.9,629.0,426.8,0.921,100009
67,184.6,289.5,258.0,334.7,0.924,100010
67,189.9,330.6,246.4,381.9,0.918,100011
67,223.9,354.5,274.1,423.8,0.912,100012
67,175.9,242.2,246.3,288.7,0.908,100013
67,467.6,371.2,519.7,442.9,0.921,100014
67,194.8,365.8,240.4,424.7,0.892,100015
67,184.7,225.8,253.5,254.3,0.814,100016
67,232.9,87.7,301.3,138.8,0.935,200017
67,569.4,7.1,630.7,67.5,0.942,200018
67,369.9,4.1,423.7,52.1,0.903,200019
67,385.5,33.9,471.9,83.6,0.918,200020
67,166.0,1.2,247.2,58.3,0.907,200021
67,181.9,164.9,243.3,215.4,0.933,200022
67,576.8,122.9,635.2,186.3,0.93,200023
67,169.5,115.8,247.8,163.8,0.929,200024
67,239.1,143.9,284.9,216.0,0.928,200025
67,433.1,106.2,496.9,173.6,0.935,200026
67,429.3,2.7,513.8,57.5,0.937,200027
67,565.7,174.3,640.1,219.1,0.924,200028
67,172.8,66.2,225.8,127.2,0.916,200029
67,315.0,151.7,360.7,217.2,0.914,200030
67,499.6,174.9,568.1,220.1,0.908,200031
67,280.6,157.0,318.5,216.1,0.916,200032
68,345.2,227.9,424.7,270.5,0.94,100001
68,420.3,305.8,494.5,354.9,0.923,100002
68,399.8,355.7,462.0,406.5,0.934,100003
68,248.3,239.2,312.0,301.6,0.934,100004
68,433.1,242.2,500.8,299.3,0.931,100005
68,260.8,365.4,327.8,431.1,0.933,100006
68,540.8,357.2,590.4,427.2,0.937,100007
68,491.1,227.3,546.4,273.7,0.926,100008
68,584.8,356.9,629.0,426.8,0.921,100009
68,184.8,289.6,258.0,334.7,0.922,100010
68,189.9,330.6,246.4,381.9,0.918,100011
68,223.9,354.5,274.1,423.8,0.912,100012
68,176.0,242.2,246.3,288.7,0.908,100013
68,467.6,371.2,519.7,442.9,0.921,100014
68,194.9,365.8,240.4,424.8,0.893,100015
68,184.7,225.8,253.7,254.3,0.811,100016
68,232.9,87.7,301.2,138.8,0.935,200017
68,569.4,7.1,630.7,67.5,0.942,200018
68,369.9,4.1,423.8,52.2,0.903,200019
68,385.5,33.9,471.9,83.6,0.918,200020
68,166.6,1.2,247.2,58.3,0.907,200021
68,182.0,164.9,243.3,215.4,0.933,200022
68,576.8,122.9,635.2,186.3,0.93,200023
68,169.5,115.8,247.8,163.8,0.929,200024
68,239.1,143.9,285.0,216.0,0.928,200025
68,433.1,106.2,496.9,173.5,0.935,200026
68,429.3,2.7,513.8,57.5,0.937,200027
68,565.6,174.3,640.1,219.1,0.924,200028
68,172.8,66.2,225.9,127.1,0.917,200029
68,315.0,151.7,360.7,217.2,0.912,200030
68,499.6,174.9,568.1,220.1,0.907,200031
68,280.6,157.0,318.5,216.1,0.916,200032
69,345.9,227.9,425.2,270.5,0.939,100001
69,419.6,306.9,494.9,355.8,0.936,100002
69,400.3,354.3,462.5,406.5,0.933,100003
69,248.9,239.6,312.7,301.8,0.931,100004
69,433.5,242.5,504.5,302.6,0.933,100005
69,260.9,365.5,328.3,431.0,0.932,100006
69,541.6,357.0,590.5,426.7,0.929,100007
69,492.0,227.5,547.6,268.8,0.919,100008
69,585.3,357.4,629.8,427.0,0.92,100009
69,184.5,289.7,258.5,334.2,0.922,100010
69,190.5,329.7,246.3,382.0,0.915,100011
69,223.7,354.5,274.8,423.3,0.909,100012
69,175.7,242.3,247.3,288.7,0.91,100013
69,468.4,371.8,520.1,442.6,0.921,100014
69,195.1,365.7,240.9,423.9,0.876,100015
69,185.9,225.5,247.7,254.4,0.843,100016
69,233.3,87.4,302.0,138.0,0.934,200017
69,570.2,7.1,631.7,67.5,0.943,200018
69,370.0,4.0,422.5,61.2,0.914,200019
69,399.2,32.4,473.8,82.4,0.895,200020
69,163.7,0.5,247.4,58.2,0.912,200021
69,182.9,164.7,243.8,215.3,0.932,200022
69,577.5,123.0,636.2,186.5,0.931,200023
69,170.9,115.9,248.9,163.8,0.928,200024
69,240.0,143.8,286.1,215.8,0.928,200025
69,433.8,102.8,502.1,173.4,0.93,200026
69,429.2,2.9,513.9,57.8,0.92,200027
69,566.0,174.3,640.8,218.9,0.922,200028
69,173.3,66.6,226.6,126.6,0.913,200029
69,316.2,151.9,361.4,217.0,0.915,200030
69,500.1,174.7,568.3,221.6,0.91,200031
69,281.8,156.6,319.2,216.2,0.914,200032
70,345.9,227.9,425.2,270.5,0.939,100001
70,419.7,306.9,494.9,355.8,0.936,100002
70,400.3,354.4,462.5,406.5,0.933,100003
70,248.9,239.6,312.7,301.8,0.931,100004
70,433.5,242.5,504.5,302.6,0.933,100005
70,260.9,365.5,328.3,431.0,0.932,100006
70,541.6,357.0,590.5,426.7,0.929,100007
70,492.0,227.5,547.6,268.7,0.919,100008
70,585.3,357.4,629.8,427.0,0.92,100009
70,184.5,289.8,258.5,334.2,0.922,100010
70,190.5,329.7,246.3,382.0,0.915,100011
70,223.7,354.6,274.8,423.3,0.91,100012
70,175.8,242.3,247.4,288.7,0.91,100013
70,468.5,371.8,520.1,442.6,0.922,100014
70,195.0,365.7,240.8,423.9,0.877,100015
70,185.9,225.5,248.1,254.4,0.84,100016
70,233.3,87.3,302.0,138.0,0.934,200017
70,570.2,7.1,631.7,67.6,0.943,200018
70,370.0,4.0,422.5,61.3,0.915,200019
70,399.5,32.5,473.8,81.7,0.895,200020
70,163.5,0.5,247.4,58.2,0.911,200021
70,182.9,164.7,243.9,215.3,0.931,200022
70,577.5,123.0,636.1,186.5,0.932,200023
70,170.9,115.9,248.9,163.8,0.928,200024
70,240.0,143.8,286.3,215.8,0.928,200025
70,433.8,102.8,502.1,173.4,0.93,200026
70,429.3,2.9,514.0,57.8,0.921,200027
70,566.0,174.3,640.8,218.9,0.922,200028
70,173.3,66.6,226.6,126.7,0.913,200029
70,316.3,151.9,361.4,217.0,0.915,200030
70,500.1,174.7,568.3,221.4,0.91,200031
70,281.8,156.6,319.2,216.2,0.915,200032
71,345.4,227.9,424.8,270.5,0.939,100001
71,416.6,307.6,494.7,356.0,0.94,100002
71,400.8,354.3,462.2,406.4,0.93,100003
71,248.6,239.2,312.2,301.5,0.933,100004
71,434.2,242.3,504.2,306.1,0.921,100005
71,260.9,365.4,327.8,431.2,0.932,100006
71,541.5,357.3,590.2,426.5,0.933,100007
71,492.3,227.7,545.7,274.3,0.93,100008
71,584.2,357.5,629.5,426.9,0.921,100009
71,185.0,289.8,258.9,335.4,0.922,100010
71,190.2,330.7,246.5,381.9,0.914,100011
71,223.4,354.7,274.5,423.5,0.909,100012
71,176.5,242.3,247.1,288.5,0.905,100013
71,468.0,371.1,519.8,454.1,0.9,100014
71,194.8,366.1,240.4,424.3,0.876,100015
71,185.3,225.8,261.0,254.5,0.772,100016
71,233.8,88.1,303.0,139.3,0.929,200017
71,569.6,7.1,631.3,67.6,0.942,200018
71,369.9,4.1,422.7,64.0,0.859,200019
71,392.0,31.4,474.9,82.9,0.866,200020
71,160.5,0.3,247.1,58.4,0.923,200021
71,182.4,165.1,243.3,215.3,0.931,200022
71,576.9,123.1,635.9,186.4,0.927,200023
71,171.4,115.9,248.4,163.8,0.926,200024
71,238.8,144.2,285.9,215.9,0.927,200025
71,433.2,102.8,501.5,173.7,0.931,200026
71,425.1,3.0,502.7,58.0,0.913,200027
71,566.0,174.6,640.7,218.9,0.922,200028
71,172.8,66.7,226.1,125.9,0.918,200029
71,316.1,152.1,361.1,216.8,0.916,200030
71,499.7,174.7,569.2,221.0,0.912,200031
71,281.3,156.8,318.9,216.2,0.913,200032
72,345.5,227.8,425.1,270.5,0.938,100001
72,416.4,307.6,494.9,356.1,0.941,100002
72,401.0,354.6,462.1,406.3,0.929,100003
72,248.6,239.2,312.5,301.7,0.934,100004
72,434.2,241.4,504.2,306.1,0.916,100005
72,260.9,365.4,327.9,431.4,0.933,100006
72,541.5,357.5,590.4,426.8,0.931,100007
72,492.4,227.0,545.6,274.3,0.931,100008
72,583.7,357.1,629.5,426.9,0.921,100009
72,185.3,290.1,258.9,335.6,0.921,100010
72,190.2,330.4,246.0,381.9,0.914,100011
72,223.5,354.9,274.4,423.4,0.905,100012
72,175.3,242.2,247.1,288.5,0.908,100013
72,468.0,371.2,519.7,453.8,0.914,100014
72,194.7,366.1,239.8,422.7,0.854,100015
72,185.3,225.4,261.0,254.6,0.807,100016
72,233.6,87.6,302.9,139.1,0.93,200017
72,569.8,7.0,631.2,67.7,0.943,200018
72,370.6,3.2,423.4,63.4,0.869,200019
72,396.4,31.3,475.4,84.3,0.866,200020
72,160.9,0.2,247.1,58.2,0.93,200021
72,182.4,165.2,243.0,215.3,0.931,200022
72,577.0,123.1,635.6,186.4,0.929,200023
72,171.7,116.0,248.2,163.8,0.928,200024
72,238.9,144.4,286.0,215.5,0.929,200025
72,433.2,102.8,501.6,173.5,0.931,200026
72,425.6,3.2,499.0,57.8,0.923,200027
72,565.9,174.5,640.8,219.1,0.922,200028
72,172.8,67.1,226.0,126.4,0.916,200029
72,316.3,152.2,361.0,216.8,0.916,200030
72,499.7,174.7,569.5,221.3,0.91,200031
72,281.1,156.5,318.8,216.3,0.916,200032
73,346.0,227.9,424.9,270.4,0.94,100001
73,416.6,307.8,494.3,356.0,0.941,100002
73,401.0,354.5,462.3,406.4,0.932,100003
73,248.7,239.0,312.5,301.6,0.935,100004
73,435.4,241.0,504.4,311.1,0.918,100005
73,261.1,365.2,329.1,431.0,0.932,100006
73,541.4,357.2,590.5,426.6,0.932,100007
73,491.0,227.5,545.7,274.5,0.934,100008
73,584.7,357.4,629.6,426.6,0.92,100009
73,189.9,290.5,259.1,337.0,0.924,100010
73,190.2,331.2,245.9,381.9,0.913,100011
73,222.7,355.0,274.4,423.4,0.906,100012
73,174.6,242.5,247.3,289.0,0.899,100013
73,467.7,370.8,519.7,453.8,0.902,100014
73,195.0,366.0,240.0,423.7,0.86,100015
73,185.7,225.5,260.8,254.6,0.747,100016
73,233.4,87.2,303.0,139.5,0.928,200017
73,569.9,7.1,631.3,67.7,0.943,200018
73,370.5,3.9,422.0,64.2,0.905,200019
73,407.2,29.1,475.4,82.5,0.839,200020
73,160.6,0.2,247.2,58.3,0.928,200021
73,182.8,165.3,243.4,215.4,0.929,200022
73,577.0,123.2,635.9,186.4,0.929,200023
73,171.5,115.9,248.4,163.9,0.925,200024
73,239.3,144.0,286.0,215.6,0.929,200025
73,432.9,102.7,501.5,174.7,0.931,200026
73,425.5,3.3,511.0,58.3,0.911,200027
73,565.7,174.4,641.4,218.8,0.922,200028
73,172.7,66.3,225.9,126.8,0.921,200029
73,316.3,151.9,361.2,216.9,0.918,200030
73,499.7,174.7,568.6,220.2,0.914,200031
73,281.2,156.2,318.8,216.3,0.916,200032
74,346.0,227.8,424.9,270.4,0.94,100001
74,416.6,307.8,494.3,356.0,0.941,100002
74,401.1,354.5,462.2,406.4,0.932,100003
74,248.7,239.1,312.5,301.6,0.935,100004
74,435.4,241.1,504.4,311.1,0.917,100005
74,261.1,365.2,329.1,431.0,0.933,100006
74,541.4,357.2,590.5,426.6,0.932,100007
74,491.1,227.5,545.7,274.5,0.934,100008
74,584.7,357.4,629.6,426.6,0.92,100009
74,189.9,290.5,259.1,337.0,0.924,100010
74,190.2,331.2,245.9,381.9,0.913,100011
74,222.7,354.9,274.4,423.4,0.906,100012
74,174.5,242.5,247.3,289.0,0.898,100013
74,467.7,370.8,519.7,453.7,0.9,100014
74,195.0,366.0,240.0,423.7,0.861,100015
74,185.7,225.6,260.5,254.6,0.724,100016
74,233.5,87.3,303.0,139.5,0.928,200017
74,569.9,7.1,631.3,67.7,0.943,200018
74,370.6,3.9,422.1,64.1,0.906,200019
74,407.2,29.1,475.2,82.5,0.84,200020
74,160.5,0.2,247.2,58.3,0.929,200021
74,182.8,165.4,243.4,215.4,0.929,200022
74,577.0,123.2,635.9,186.4,0.929,200023
74,171.5,115.9,248.5,164.0,0.925,200024
74,239.2,144.0,286.0,215.6,0.929,200025
74,432.9,102.7,501.5,174.6,0.931,200026
74,425.6,3.3,509.8,58.4,0.91,200027
74,565.7,174.4,641.2,218.8,0.922,200028
74,172.7,66.4,225.9,126.8,0.921,200029
74,316.3,151.9,361.2,216.9,0.918,200030
74,499.6,174.7,568.6,220.4,0.914,200031
74,281.2,156.2,318.8,216.3,0.917,200032
75,348.5,227.9,425.2,270.3,0.933,100001
75,419.5,308.6,494.4,356.4,0.927,100002
75,400.3,355.4,462.4,406.6,0.933,100003
75,249.0,239.8,313.1,302.0,0.932,100004
75,438.7,258.2,504.7,314.9,0.931,100005
75,262.4,365.4,329.2,431.0,0.931,100006
75,542.2,357.3,590.7,426.0,0.927,100007
75,491.3,227.4,546.9,274.0,0.93,100008
75,584.9,357.6,629.9,426.2,0.921,100009
75,191.6,289.9,259.6,336.0,0.922,100010
75,190.6,330.8,246.7,381.7,0.912,100011
75,222.9,354.4,274.7,423.3,0.907,100012
75,175.6,242.2,248.1,289.1,0.898,100013
75,467.8,370.7,519.3,452.4,0.872,100014
75,195.6,365.5,240.9,417.8,0.862,100015
75,186.4,225.6,261.0,254.6,0.804,100016
75,233.9,87.0,303.8,138.9,0.926,200017
75,570.2,7.1,631.9,67.7,0.941,200018
75,370.6,4.0,420.6,63.8,0.91,200019
75,392.3,27.7,474.8,84.5,0.827,200020
75,164.6,0.4,247.8,58.3,0.914,200021
75,183.4,165.3,244.0,215.3,0.929,200022
75,577.6,123.0,636.6,186.5,0.931,200023
75,172.0,116.0,250.9,164.0,0.92,200024
75,239.8,144.1,287.0,215.5,0.93,200025
75,432.7,103.3,502.2,174.6,0.932,200026
75,426.3,3.1,513.3,57.8,0.914,200027
75,566.0,174.2,641.5,219.0,0.92,200028
75,173.1,66.0,226.3,126.1,0.924,200029
75,316.7,151.9,361.4,216.9,0.917,200030
75,499.9,174.7,568.2,221.7,0.915,200031
75,281.9,156.2,319.1,216.1,0.913,200032
76,348.5,228.0,425.2,270.3,0.933,100001
76,419.5,308.6,494.4,356.4,0.927,100002
76,400.3,355.3,462.4,406.6,0.932,100003
76,249.1,239.8,313.0,301.9,0.932,100004
76,438.7,258.2,504.8,314.9,0.931,100005
76,262.4,365.4,329.2,431.0,0.931,100006
76,542.1,357.3,590.7,426.1,0.927,100007
76,491.3,227.3,546.9,274.0,0.93,100008
76,584.9,357.6,629.9,426.2,0.921,100009
76,191.6,290.0,259.6,336.0,0.922,100010
76,190.5,330.6,246.6,381.8,0.912,100011
76,222.8,354.4,274.7,423.3,0.907,100012
76,175.6,242.2,248.1,289.1,0.898,100013
76,467.8,370.7,519.3,452.5,0.869,100014
76,195.6,365.5,240.9,417.5,0.866,100015
76,186.4,225.7,261.0,254.5,0.791,100016
76,233.9,87.0,303.8,138.9,0.926,200017
76,570.3,7.1,631.9,67.7,0.941,200018
76,370.5,4.0,420.7,63.7,0.91,200019
76,392.5,27.7,474.8,84.3,0.832,200020
76,164.3,0.4,247.8,58.3,0.913,200021
76,183.4,165.3,243.9,215.3,0.929,200022
76,577.7,122.9,636.4,186.6,0.938,200023
76,172.0,116.0,250.8,164.0,0.921,200024
76,239.7,144.1,286.9,215.5,0.93,200025
76,432.7,103.4,502.2,174.6,0.932,200026
76,426.3,3.1,513.3,57.8,0.914,200027
76,566.0,174.2,641.3,218.9,0.92,200028
76,173.1,66.0,226.3,126.2,0.924,200029
76,316.7,152.0,361.4,216.9,0.917,200030
76,499.9,174.7,568.2,221.6,0.915,200031
76,281.9,156.2,319.1,216.1,0.913,200032
77,348.2,228.1,425.0,270.4,0.932,100001
77,419.2,304.3,494.8,359.8,0.905,100002
77,398.3,358.5,462.0,406.6,0.933,100003
77,248.7,239.8,312.7,301.8,0.932,100004
77,451.6,261.6,523.9,313.5,0.921,100005
77,263.7,365.5,329.6,430.7,0.93,100006
77,541.2,357.5,590.3,426.9,0.93,100007
77,490.5,226.6,547.1,275.1,0.923,100008
77,583.8,357.1,629.9,425.9,0.923,100009
77,189.6,290.0,258.9,336.0,0.92,100010
77,190.4,331.1,246.2,382.2,0.913,100011
77,222.2,354.6,274.6,423.3,0.909,100012
77,175.4,242.2,247.5,288.8,0.897,100013
77,467.3,371.0,519.1,447.8,0.91,100014
77,195.1,365.6,240.4,417.1,0.866,100015
77,186.1,225.9,245.2,254.4,0.798,100016
77,233.5,87.0,303.0,139.1,0.929,200017
77,569.8,7.2,631.3,67.6,0.942,200018
77,370.1,4.0,419.6,51.1,0.899,200019
77,389.1,24.9,473.7,82.8,0.887,200020
77,163.4,0.4,247.2,58.4,0.914,200021
77,182.8,165.4,243.2,215.4,0.93,200022
77,577.3,123.0,635.6,186.5,0.93,200023
77,171.3,115.9,249.2,164.2,0.923,200024
77,238.8,144.3,286.6,215.6,0.928,200025
77,432.4,103.1,501.3,174.4,0.93,200026
77,425.6,3.2,513.3,57.4,0.918,200027
77,565.8,174.6,640.4,219.1,0.922,200028
77,172.9,66.1,226.0,125.6,0.92,200029
77,316.2,152.2,360.9,216.9,0.916,200030
77,499.5,174.8,568.0,221.2,0.913,200031
77,281.4,155.9,318.7,216.3,0.913,200032
78,348.5,228.0,425.1,270.5,0.934,100001
78,421.3,296.9,496.3,362.1,0.909,100002
78,399.2,357.3,461.4,406.6,0.932,100003
78,249.0,239.3,312.8,302.1,0.932,100004
78,468.9,262.3,543.4,309.4,0.923,100005
78,264.3,365.4,328.3,430.8,0.93,100006
78,541.3,357.5,590.3,427.3,0.931,100007
78,490.2,227.5,546.6,272.6,0.918,100008
78,584.9,356.8,630.6,425.8,0.923,100009
78,189.8,289.7,259.6,335.9,0.922,100010
78,190.5,331.5,246.1,382.0,0.914,100011
78,222.8,354.3,274.7,423.2,0.908,100012
78,176.2,242.2,247.9,288.5,0.901,100013
78,467.5,371.4,519.7,446.5,0.915,100014
78,195.2,365.6,240.5,415.6,0.875,100015
78,186.4,225.8,257.5,254.4,0.767,100016
78,232.8,86.8,303.0,139.3,0.93,200017
78,570.1,7.2,631.5,67.6,0.942,200018
78,370.6,4.0,420.0,50.7,0.894,200019
78,389.4,23.8,472.3,80.4,0.844,200020
78,162.6,0.1,248.0,58.1,0.936,200021
78,183.2,165.3,243.5,215.3,0.932,200022
78,577.3,123.0,635.7,186.7,0.931,200023
78,171.6,115.9,248.6,164.0,0.924,200024
78,239.1,144.3,286.4,215.6,0.931,200025
78,432.2,102.9,501.8,173.6,0.929,200026
78,425.7,3.2,513.8,57.4,0.932,200027
78,565.8,174.4,640.8,219.0,0.921,200028
78,173.2,65.8,226.3,126.2,0.923,200029
78,316.6,152.2,361.0,216.8,0.918,200030
78,499.7,174.8,567.8,221.6,0.912,200031
78,281.6,154.9,318.9,216.3,0.911,200032
79,348.2,228.0,425.1,270.4,0.932,100001
79,425.3,311.6,496.5,361.3,0.93,100002
79,399.9,356.7,461.3,406.6,0.935,100003
79,248.9,239.2,312.8,302.0,0.933,100004
79,480.0,268.7,553.9,329.1,0.917,100005
79,264.6,365.5,328.0,430.4,0.932,100006
79,541.2,357.4,590.2,428.2,0.93,100007
79,490.3,227.2,546.7,272.3,0.926,100008
79,585.1,356.9,630.9,425.8,0.925,100009
79,189.2,290.4,259.5,336.2,0.922,100010
79,190.3,331.6,246.2,382.0,0.916,100011
79,222.8,354.5,274.6,422.0,0.908,100012
79,176.3,242.4,247.7,288.7,0.89,100013
79,467.9,371.7,519.8,446.0,0.914,100014
79,195.0,365.7,240.6,417.0,0.865,100015
79,185.7,225.5,246.7,254.6,0.854,100016
79,232.4,87.0,303.2,139.4,0.93,200017
79,569.9,7.2,631.3,67.7,0.943,200018
79,370.7,4.0,419.3,51.3,0.9,200019
79,390.6,23.1,469.7,92.4,0.726,200020
79,163.1,0.2,247.6,58.6,0.944,200021
79,183.0,165.5,243.3,215.3,0.933,200022
79,577.4,123.1,635.7,186.5,0.934,200023
79,173.4,115.8,248.5,164.2,0.924,200024
79,238.9,144.1,286.3,215.6,0.93,200025
79,431.9,102.3,501.7,173.3,0.93,200026
79,426.2,3.0,513.8,57.1,0.932,200027
79,565.7,174.3,640.4,219.3,0.922,200028
79,173.2,65.7,226.4,126.0,0.921,200029
79,316.4,152.1,361.0,216.9,0.917,200030
79,499.7,174.8,568.0,220.8,0.911,200031
79,281.5,154.4,318.9,216.3,0.911,200032
80,348.2,228.0,425.0,270.4,0.933,100001
80,418.7,304.5,492.7,353.4,0.936,100002
80,399.9,354.0,461.8,406.6,0.938,100003
80,248.9,239.0,312.9,301.8,0.933,100004
80,495.2,283.4,569.9,333.8,0.934,100005
80,264.7,365.5,328.2,430.4,0.931,100006
80,541.3,357.1,590.4,428.2,0.926,100007
80,490.7,227.0,547.3,274.4,0.929,100008
80,585.9,356.8,631.3,425.7,0.928,100009
80,189.2,291.0,259.1,335.9,0.916,100010
80,190.4,331.5,246.2,382.0,0.914,100011
80,222.5,354.2,274.7,421.5,0.91,100012
80,176.4,242.4,247.7,288.7,0.897,100013
80,468.8,371.4,521.0,445.0,0.93,100014
80,194.9,365.3,240.4,416.9,0.869,100015
80,185.7,225.4,248.1,254.5,0.841,100016
80,233.0,86.0,303.9,138.9,0.933,200017
80,570.3,7.2,631.2,67.7,0.944,200018
80,370.8,4.0,419.1,53.7,0.84,200019
80,389.6,21.8,456.0,78.7,0.678,200020
80,160.0,0.0,247.6,59.3,0.943,200021
80,183.3,165.5,243.3,215.2,0.934,200022
80,577.4,123.1,635.6,186.8,0.935,200023
80,173.7,116.0,248.1,164.3,0.92,200024
80,239.0,143.8,286.3,215.8,0.93,200025
80,432.4,102.3,499.7,173.6,0.929,200026
80,428.5,2.9,513.6,57.1,0.94,200027
80,565.6,174.5,640.5,219.3,0.921,200028
80,173.2,65.9,226.4,125.2,0.922,200029
80,316.4,152.4,361.1,216.9,0.915,200030
80,499.7,174.9,567.5,221.0,0.911,200031
80,281.7,155.5,319.0,216.4,0.909,200032
81,348.1,228.0,425.1,270.5,0.933,100001
81,421.6,299.2,490.7,348.3,0.935,100002
81,400.7,352.1,462.2,406.8,0.936,100003
81,248.8,239.1,312.8,301.7,0.932,100004
81,515.2,267.5,592.3,321.3,0.931,100005
81,264.3,365.5,328.3,430.2,0.933,100006
81,541.1,357.6,590.2,428.2,0.932,100007
81,490.8,226.0,549.6,273.4,0.922,100008
81,587.0,357.0,632.2,425.6,0.93,100009
81,189.5,290.3,259.2,335.4,0.922,100010
81,190.4,331.6,246.1,381.7,0.916,100011
81,218.9,354.8,274.4,420.9,0.908,100012
81,176.7,242.3,247.6,288.6,0.897,100013
81,468.8,371.7,521.2,445.3,0.93,100014
81,194.9,365.4,240.4,413.8,0.883,100015
81,185.6,225.5,248.7,254.4,0.838,100016
81,232.6,85.0,303.3,139.8,0.928,200017
81,570.3,7.0,631.1,67.4,0.943,200018
81,370.7,4.0,418.9,54.2,0.901,200019
81,391.6,22.1,455.5,75.1,0.845,200020
81,160.5,0.0,247.4,58.8,0.941,200021
81,183.2,165.6,243.5,215.3,0.933,200022
81,577.3,123.1,635.6,186.6,0.931,200023
81,173.7,116.0,248.4,164.3,0.921,200024
81,239.1,143.9,286.2,215.8,0.93,200025
81,433.1,107.9,493.7,173.8,0.935,200026
81,428.4,2.9,513.7,57.4,0.94,200027
81,565.4,174.6,640.4,219.2,0.921,200028
81,173.1,66.1,226.4,125.0,0.919,200029
81,316.5,152.1,361.3,217.3,0.915,200030
81,499.6,174.9,567.4,221.1,0.914,200031
81,281.7,155.5,318.8,216.3,0.912,200032
82,348.1,228.1,425.1,270.5,0.933,100001
82,421.6,299.2,490.7,348.3,0.935,100002
82,400.7,352.0,462.2,406.8,0.937,100003
82,248.8,239.1,312.8,301.7,0.932,100004
82,515.2,267.5,592.4,321.2,0.931,100005
82,264.3,365.5,328.3,430.3,0.933,100006
82,541.1,357.6,590.2,428.2,0.932,100007
82,490.8,226.0,549.6,273.3,0.922,100008
82,586.9,357.0,632.2,425.6,0.93,100009
82,189.5,290.3,259.2,335.4,0.922,100010
82,190.4,331.6,246.1,381.7,0.916,100011
82,219.0,354.8,274.4,420.9,0.909,100012
82,176.3,242.2,247.6,288.6,0.897,100013
82,468.8,371.7,521.2,445.3,0.93,100014
82,194.9,365.4,240.4,413.9,0.883,100015
82,185.6,225.5,248.8,254.4,0.836,100016
82,232.5,85.0,303.3,139.8,0.928,200017
82,570.3,7.0,631.1,67.4,0.943,200018
82,370.7,4.0,418.9,54.2,0.901,200019
82,391.6,22.1,455.6,75.1,0.845,200020
82,160.5,0.0,247.3,58.8,0.941,200021
82,183.2,165.6,243.5,215.3,0.933,200022
82,577.3,123.0,635.6,186.6,0.931,200023
82,173.7,116.0,248.3,164.3,0.921,200024
82,239.1,143.9,286.2,215.7,0.93,200025
82,433.1,107.8,493.8,173.8,0.935,200026
82,428.4,2.9,513.6,57.4,0.94,200027
82,565.4,174.6,640.2,219.2,0.921,200028
82,173.1,66.1,226.4,124.9,0.919,200029
82,316.5,152.1,361.3,217.3,0.915,200030
82,499.6,174.9,567.4,221.0,0.915,200031
82,281.7,155.5,318.8,216.3,0.912,200032
83,348.3,228.1,425.1,270.4,0.934,100001
83,422.9,296.1,489.0,347.6,0.935,100002
83,401.3,350.7,462.2,406.8,0.935,100003
83,248.9,239.1,312.7,301.5,0.933,100004
83,525.8,261.3,604.8,313.3,0.931,100005
83,264.6,365.4,328.6,430.1,0.933,100006
83,541.1,357.3,591.2,428.0,0.93,100007
83,490.8,226.4,550.7,273.4,0.924,100008
83,588.2,357.0,633.5,425.5,0.929,100009
83,189.7,289.4,259.7,335.5,0.928,100010
83,190.4,331.5,246.2,382.0,0.917,100011
83,216.9,354.0,274.6,421.5,0.909,100012
83,177.1,242.3,247.6,288.6,0.896,100013
83,468.9,371.5,521.2,444.2,0.929,100014
83,195.1,365.6,240.4,413.5,0.863,100015
83,185.9,225.4,252.0,254.6,0.8,100016
83,232.5,85.2,302.3,139.5,0.932,200017
83,570.5,6.9,631.1,67.3,0.943,200018
83,370.7,3.9,419.5,54.2,0.923,200019
83,392.2,26.6,467.3,80.9,0.897,200020
83,157.7,0.1,247.8,58.8,0.941,200021
83,183.5,166.0,243.5,215.3,0.934,200022
83,577.3,123.0,635.8,186.9,0.937,200023
83,173.9,115.6,248.6,164.4,0.922,200024
83,239.4,143.9,286.3,215.7,0.93,200025
83,433.2,107.1,493.8,173.6,0.931,200026
83,429.2,2.8,513.6,57.6,0.936,200027
83,565.4,174.6,640.8,219.2,0.92,200028
83,173.0,66.1,226.4,126.1,0.921,200029
83,316.4,152.1,361.4,217.2,0.914,200030
83,499.8,175.0,567.3,221.3,0.916,200031
83,281.7,155.6,318.9,216.3,0.911,200032
84,348.5,228.0,425.2,270.5,0.933,100001
84,423.0,295.7,488.9,347.5,0.935,100002
84,401.3,350.7,462.3,406.8,0.937,100003
84,248.8,239.4,312.6,301.5,0.934,100004
84,526.0,261.5,604.8,313.4,0.928,100005
84,264.4,365.4,328.7,430.4,0.934,100006
84,542.1,356.9,591.1,427.7,0.928,100007
84,490.8,226.1,551.0,273.4,0.923,100008
84,588.3,356.9,633.4,425.6,0.928,100009
84,189.8,289.5,260.0,335.7,0.929,100010
84,190.5,331.7,245.7,382.3,0.915,100011
84,217.8,354.0,274.2,421.8,0.908,100012
84,179.1,242.2,247.7,288.7,0.905,100013
84,468.6,371.4,521.3,443.8,0.928,100014
84,195.3,365.8,240.6,424.2,0.832,100015
84,186.0,225.8,245.3,254.2,0.816,100016
84,232.6,85.3,302.4,139.5,0.934,200017
84,570.6,7.1,631.1,67.1,0.944,200018
84,370.6,3.9,419.5,54.2,0.925,200019
84,392.3,26.4,467.4,80.6,0.898,200020
84,157.8,0.0,247.8,58.9,0.938,200021
84,183.5,165.7,243.7,215.4,0.933,200022
84,577.2,123.1,635.8,186.8,0.933,200023
84,174.1,115.5,248.3,164.4,0.927,200024
84,239.4,143.9,286.1,215.9,0.928,200025
84,433.2,107.5,493.7,173.6,0.934,200026
84,430.2,2.7,513.5,57.7,0.935,200027
84,565.7,174.3,640.5,219.1,0.922,200028
84,172.9,67.0,226.3,127.1,0.924,200029
84,316.3,152.3,361.2,216.9,0.917,200030
84,499.9,174.9,567.8,220.9,0.915,200031
84,281.5,155.7,318.9,216.1,0.913,200032
85,351.0,228.1,425.2,270.5,0.937,100001
85,421.4,289.0,484.5,347.5,0.939,100002
85,401.0,350.8,462.2,406.9,0.936,100003
85,248.8,239.4,312.5,301.5,0.934,100004
85,532.7,267.8,622.0,322.0,0.91,100005
85,264.0,365.4,328.3,430.5,0.933,100006
85,541.6,356.8,591.5,427.9,0.932,100007
85,490.9,226.3,551.1,273.2,0.919,100008
85,589.9,357.0,633.7,424.6,0.925,100009
85,189.5,289.1,259.5,335.7,0.93,100010
85,190.2,331.5,245.8,382.4,0.915,100011
85,218.3,353.6,274.0,421.1,0.908,100012
85,177.7,242.2,247.5,288.5,0.91,100013
85,468.6,371.3,521.1,442.1,0.924,100014
85,195.2,365.8,240.5,418.8,0.827,100015
85,185.7,225.5,245.4,254.4,0.852,100016
85,232.9,85.6,296.5,139.1,0.93,200017
85,570.5,6.9,631.0,67.1,0.944,200018
85,370.4,3.9,426.5,44.9,0.923,200019
85,370.2,36.3,459.9,86.5,0.937,200020
85,157.7,0.1,248.1,58.5,0.931,200021
85,183.1,165.8,243.2,215.3,0.933,200022
85,577.2,123.1,635.9,186.4,0.931,200023
85,173.9,115.8,248.8,164.2,0.924,200024
85,239.3,143.9,285.7,215.8,0.929,200025
85,433.2,111.9,495.3,173.6,0.929,200026
85,430.6,2.9,513.8,57.0,0.937,200027
85,565.4,174.3,639.9,218.9,0.923,200028
85,172.8,68.8,226.4,126.2,0.917,200029
85,316.3,152.5,361.2,217.0,0.915,200030
85,500.0,175.1,567.4,220.9,0.915,200031
85,281.1,154.2,318.9,216.3,0.912,200032
86,351.0,228.1,425.1,270.5,0.937,100001
86,421.4,289.0,484.4,347.5,0.939,100002
86,401.0,350.9,462.2,406.9,0.936,100003
86,248.8,239.4,312.5,301.5,0.934,100004
86,532.7,267.8,622.0,322.0,0.91,100005
86,264.0,365.4,328.3,430.5,0.933,100006
86,541.6,356.8,591.5,427.8,0.932,100007
86,490.8,226.2,551.1,273.2,0.918,100008
86,590.0,357.0,633.7,424.6,0.925,100009
86,189.5,289.1,259.5,335.7,0.93,100010
86,190.2,331.5,245.8,382.4,0.915,100011
86,218.2,353.6,274.0,421.1,0.908,100012
86,177.9,242.2,247.5,288.5,0.91,100013
86,468.5,371.3,521.2,442.0,0.924,100014
86,195.3,365.8,240.5,418.2,0.827,100015
86,185.7,225.5,245.7,254.4,0.85,100016
86,232.9,85.6,296.5,139.1,0.93,200017
86,570.5,6.9,631.0,67.1,0.944,200018
86,370.4,3.9,426.5,44.9,0.923,200019
86,370.2,36.3,459.9,86.5,0.937,200020
86,157.7,0.1,248.2,58.5,0.929,200021
86,183.0,165.8,243.2,215.3,0.933,200022
86,577.2,123.1,635.9,186.4,0.931,200023
86,173.9,115.8,248.8,164.2,0.924,200024
86,239.3,143.9,285.7,215.7,0.929,200025
86,433.2,111.9,495.3,173.6,0.929,200026
86,430.5,2.9,513.8,57.0,0.937,200027
86,565.5,174.3,639.9,218.9,0.923,200028
86,172.8,68.9,226.4,126.2,0.917,200029
86,316.3,152.5,361.2,217.0,0.915,200030
86,500.1,175.1,567.5,220.9,0.915,200031
86,281.1,154.1,319.0,216.3,0.912,200032
87,351.7,228.1,425.3,270.3,0.937,100001
87,414.4,281.3,472.3,347.0,0.928,100002
87,401.6,349.8,462.1,406.7,0.935,100003
87,248.8,239.1,312.5,301.5,0.933,100004
87,547.1,269.5,626.4,325.6,0.934,100005
87,264.2,364.6,328.6,430.6,0.929,100006
87,541.6,357.4,590.8,427.5,0.928,100007
87,491.1,226.1,551.4,273.0,0.927,100008
87,589.0,357.1,634.2,424.6,0.924,100009
87,189.2,288.9,259.6,335.3,0.93,100010
87,190.2,331.4,245.8,382.2,0.918,100011
87,232.6,352.8,277.6,422.3,0.909,100012
87,179.8,241.8,247.6,288.7,0.913,100013
87,469.5,371.5,521.7,441.5,0.93,100014
87,195.5,365.8,241.9,421.2,0.885,100015
87,185.8,225.7,244.2,254.3,0.833,100016
87,233.9,84.8,296.4,136.9,0.93,200017
87,570.3,6.8,631.0,67.0,0.944,200018
87,370.3,3.9,426.5,44.3,0.924,200019
87,364.9,37.7,450.5,87.5,0.937,200020
87,158.0,0.1,248.5,58.2,0.936,200021
87,178.2,167.6,243.8,215.7,0.934,200022
87,577.2,123.2,636.2,186.4,0.929,200023
87,174.4,115.9,251.0,164.6,0.922,200024
87,239.4,143.9,285.8,215.8,0.927,200025
87,433.5,112.8,496.8,174.0,0.929,200026
87,430.5,2.8,513.9,57.1,0.938,200027
87,565.5,174.5,639.4,218.8,0.926,200028
87,173.0,67.2,226.1,125.7,0.92,200029
87,316.4,152.5,361.2,216.9,0.914,200030
87,500.1,175.1,567.4,220.7,0.917,200031
87,281.3,155.3,318.8,216.3,0.908,200032
88,351.7,228.1,425.3,270.4,0.937,100001
88,414.3,281.3,472.3,347.0,0.928,100002
88,401.6,349.8,462.1,406.7,0.935,100003
88,248.9,239.1,312.5,301.5,0.933,100004
88,547.1,269.5,626.5,325.6,0.934,100005
88,264.2,364.6,328.6,430.7,0.929,100006
88,541.6,357.4,590.8,427.4,0.928,100007
88,491.1,226.1,551.5,273.0,0.927,100008
88,589.0,357.1,634.2,424.6,0.924,100009
88,189.2,288.9,259.6,335.3,0.93,100010
88,190.2,331.4,245.8,382.2,0.918,100011
88,232.6,352.8,277.6,422.3,0.909,100012
88,179.9,241.8,247.6,288.7,0.913,100013
88,469.5,371.5,521.8,441.6,0.93,100014
88,195.5,365.8,241.8,421.2,0.885,100015
88,185.8,225.7,244.8,254.3,0.829,100016
88,233.9,84.8,296.4,136.9,0.93,200017
88,570.3,6.8,631.0,67.0,0.944,200018
88,370.3,3.9,426.4,44.3,0.924,200019
88,365.0,37.7,450.5,87.5,0.937,200020
88,158.0,0.1,248.5,58.2,0.936,200021
88,178.3,167.6,243.9,215.7,0.934,200022
88,577.2,123.2,636.1,186.4,0.929,200023
88,174.4,115.9,250.9,164.6,0.922,200024
88,239.4,143.9,285.8,215.7,0.927,200025
88,433.5,112.8,496.9,174.0,0.93,200026
88,430.6,2.9,513.9,57.1,0.938,200027
88,565.5,174.5,639.5,218.8,0.926,200028
88,173.0,67.3,226.1,125.4,0.921,200029
88,316.4,152.5,361.2,216.9,0.914,200030
88,500.1,175.1,567.4,220.7,0.916,200031
88,281.3,155.3,318.8,216.3,0.908,200032
89,352.1,228.1,425.6,270.3,0.937,100001
89,407.4,275.1,461.6,344.0,0.934,100002
89,402.6,350.1,462.4,406.8,0.933,100003
89,248.9,239.2,312.6,301.7,0.934,100004
89,544.9,268.3,626.7,323.0,0.934,100005
89,265.1,365.3,328.5,431.3,0.929,100006
89,542.1,357.1,591.9,425.1,0.931,100007
89,491.3,226.2,551.6,273.3,0.925,100008
89,589.6,359.0,632.3,424.6,0.925,100009
89,189.4,289.0,259.4,335.6,0.928,100010
89,190.3,331.3,246.0,382.1,0.919,100011
89,234.1,352.8,277.9,423.6,0.917,100012
89,178.3,241.9,247.6,288.8,0.905,100013
89,468.9,371.1,521.7,439.3,0.925,100014
89,195.4,366.1,241.7,420.7,0.883,100015
89,186.2,225.8,254.4,254.2,0.748,100016
89,233.9,84.6,296.1,135.5,0.926,200017
89,570.3,7.1,631.2,67.3,0.944,200018
89,347.1,3.7,434.7,83.0,0.934,200020
89,158.7,0.0,248.7,58.1,0.94,200021
89,176.4,167.6,244.0,215.4,0.932,200022
89,577.2,123.1,636.2,186.5,0.93,200023
89,174.5,115.9,252.3,164.7,0.926,200024
89,239.4,143.9,285.7,215.6,0.927,200025
89,433.7,112.8,496.9,174.1,0.931,200026
89,431.6,2.8,513.9,57.0,0.94,200027
89,565.5,174.4,639.7,219.1,0.927,200028
89,173.1,65.9,226.4,124.9,0.919,200029
89,316.5,152.5,361.1,216.9,0.916,200030
89,500.0,175.0,567.3,221.3,0.917,200031
89,281.5,155.8,318.7,216.3,0.909,200032
90,352.1,228.1,425.6,270.3,0.937,100001
90,407.4,275.1,461.6,344.0,0.934,100002
90,402.6,350.1,462.4,406.8,0.933,100003
90,248.9,239.2,312.6,301.7,0.934,100004
90,544.9,268.3,626.7,323.0,0.934,100005
90,265.1,365.3,328.5,431.4,0.929,100006
90,542.1,357.1,591.9,425.0,0.932,100007
90,491.2,226.2,551.6,273.3,0.925,100008
90,589.6,359.0,632.3,424.6,0.925,100009
90,189.4,289.0,259.5,335.6,0.928,100010
90,190.3,331.3,246.0,382.2,0.918,100011
90,234.1,352.8,277.9,423.5,0.917,100012
90,178.3,241.8,247.6,288.7,0.904,100013
90,469.0,371.1,521.7,439.4,0.925,100014
90,195.4,366.0,241.7,420.1,0.884,100015
90,186.1,225.4,258.1,254.2,0.748,100016
90,233.9,84.6,296.1,135.5,0.926,200017
90,570.3,7.2,631.2,67.3,0.943,200018
90,347.1,3.7,434.6,83.0,0.934,200020
90,158.7,0.0,248.7,58.1,0.939,200021
90,176.4,167.6,243.8,215.4,0.932,200022
90,577.2,123.1,636.2,186.4,0.93,200023
90,174.5,115.9,252.2,164.7,0.926,200024
90,239.4,143.9,285.7,215.6,0.927,200025
90,433.7,112.8,496.9,174.1,0.931,200026
90,431.6,2.8,513.9,57.0,0.94,200027
90,565.5,174.4,639.6,219.1,0.927,200028
90,173.1,66.0,226.4,124.8,0.919,200029
90,316.5,152.5,361.2,216.9,0.916,200030
90,500.0,175.0,567.4,221.3,0.916,200031
90,281.5,155.8,318.7,216.3,0.909,200032
91,352.0,228.1,425.7,270.5,0.936,100001
91,410.8,261.5,461.8,330.3,0.933,100002
91,406.6,350.6,462.5,406.8,0.938,100003
91,248.8,239.2,312.6,301.3,0.935,100004
91,542.5,263.2,632.2,337.2,0.929,100005
91,264.8,365.4,328.6,431.3,0.93,100006
91,542.2,358.1,592.1,425.7,0.936,100007
91,491.1,226.8,551.8,273.4,0.91,100008
91,590.4,359.4,634.3,424.9,0.93,100009
91,189.2,289.0,258.9,335.7,0.927,100010
91,190.3,331.4,246.0,382.2,0.918,100011
91,232.4,353.2,277.8,425.5,0.913,100012
91,176.7,241.7,247.3,288.6,0.908,100013
91,468.4,371.1,520.6,443.6,0.927,100014
91,195.5,366.2,241.4,424.0,0.896,100015
91,186.0,225.1,257.8,254.3,0.767,100016
91,233.8,84.0,295.9,134.8,0.927,200017
91,570.3,7.0,631.2,67.4,0.944,200018
91,313.9,0.5,393.8,90.9,0.761,200020
91,156.8,0.2,248.2,58.1,0.941,200021
91,175.8,167.5,243.4,215.3,0.93,200022
91,577.2,123.2,636.0,186.4,0.931,200023
91,174.6,115.9,252.8,164.9,0.927,200024
91,239.2,144.2,285.6,215.7,0.929,200025
91,434.6,113.0,496.9,174.3,0.929,200026
91,436.8,2.8,514.0,57.3,0.941,200027
91,565.4,174.4,640.2,218.9,0.925,200028
91,173.2,65.7,226.2,124.5,0.922,200029
91,316.4,152.5,361.3,217.0,0.915,200030
91,500.1,175.1,567.7,220.6,0.919,200031
91,281.6,156.0,318.8,216.4,0.91,200032
91,373.9,3.5,425.5,61.4,0.927,200019
92,351.9,227.9,422.5,270.3,0.932,100001
92,406.7,249.6,466.4,317.4,0.924,100002
92,408.0,350.5,462.8,406.7,0.936,100003
92,248.7,239.2,312.6,301.3,0.935,100004
92,542.1,250.2,626.5,317.0,0.925,100005
92,264.8,365.3,328.7,431.4,0.93,100006
92,542.0,358.8,592.0,425.9,0.938,100007
92,490.9,226.4,548.4,273.8,0.876,100008
92,590.0,360.1,635.2,426.0,0.932,100009
92,189.0,289.8,258.8,335.8,0.926,100010
92,190.4,331.4,246.0,382.0,0.92,100011
92,229.4,354.8,278.4,427.1,0.91,100012
92,175.9,241.6,247.3,288.7,0.91,100013
92,468.1,371.4,520.2,447.4,0.904,100014
92,195.5,366.2,241.8,423.9,0.894,100015
92,185.8,225.2,258.8,254.3,0.788,100016
92,236.9,84.0,297.9,133.8,0.929,200017
92,570.2,7.3,631.0,67.5,0.944,200018
92,278.2,26.6,368.7,92.6,0.922,200020
92,157.0,0.1,248.6,58.0,0.941,200021
92,175.9,167.9,243.7,215.3,0.932,200022
92,576.9,123.1,634.7,183.2,0.935,200023
92,173.5,116.1,252.9,164.9,0.928,200024
92,239.3,144.4,285.4,215.7,0.929,200025
92,438.1,106.4,498.9,177.3,0.933,200026
92,437.0,2.8,514.1,57.2,0.942,200027
92,565.4,174.4,640.1,219.0,0.927,200028
92,173.1,65.5,226.1,124.4,0.926,200029
92,316.2,152.5,361.4,217.0,0.912,200030
92,499.7,175.0,567.6,221.0,0.919,200031
92,281.6,155.1,318.7,216.4,0.908,200032
92,376.2,0.0,425.4,62.5,0.937,200019
93,352.2,227.9,418.8,270.4,0.929,100001
93,404.3,246.5,462.6,316.3,0.924,100002
93,407.7,350.6,463.4,406.8,0.935,100003
93,249.1,239.9,312.7,301.3,0.934,100004
93,545.7,253.6,622.3,310.2,0.923,100005
93,265.9,365.4,329.0,431.2,0.929,100006
93,542.8,358.9,592.5,425.9,0.935,100007
93,491.4,225.1,550.8,273.7,0.905,100008
93,590.5,361.4,635.8,426.3,0.933,100009
93,189.5,289.5,258.8,335.6,0.928,100010
93,190.6,331.1,246.1,381.4,0.922,100011
93,230.2,354.3,277.0,426.5,0.91,100012
93,174.5,241.6,248.0,288.6,0.913,100013
93,468.6,371.7,520.6,445.8,0.9,100014
93,195.8,366.5,241.6,421.6,0.882,100015
93,186.2,225.2,258.0,254.2,0.849,100016
93,243.3,82.3,305.2,133.3,0.93,200017
93,570.5,7.2,631.7,67.4,0.943,200018
93,243.6,0.3,328.4,80.1,0.924,200020
93,157.2,0.2,243.7,57.8,0.938,200021
93,176.3,167.7,244.1,215.4,0.932,200022
93,577.5,123.1,635.2,183.4,0.935,200023
93,173.5,116.0,253.6,164.7,0.928,200024
93,240.3,143.7,286.3,215.7,0.927,200025
93,444.7,105.3,500.0,179.0,0.923,200026
93,437.0,2.8,514.6,57.2,0.943,200027
93,565.7,174.1,638.5,218.9,0.926,200028
93,173.7,66.2,226.5,124.7,0.926,200029
93,316.6,151.7,361.9,217.0,0.917,200030
93,499.8,174.9,568.1,219.7,0.921,200031
93,282.0,156.7,319.2,216.3,0.912,200032
93,376.7,0.0,425.6,62.9,0.935,200019
94,351.8,227.9,419.4,270.4,0.928,100001
94,399.7,248.2,456.4,317.3,0.925,100002
94,408.0,351.9,463.1,406.9,0.935,100003
94,248.3,239.5,312.0,301.8,0.936,100004
94,557.5,235.4,624.6,295.3,0.92,100005
94,264.8,365.5,328.4,431.5,0.923,100006
94,540.9,359.1,591.6,425.8,0.941,100007
94,490.3,225.6,550.8,273.4,0.911,100008
94,589.7,363.2,634.8,426.6,0.93,100009
94,188.5,289.4,258.2,335.6,0.929,100010
94,189.8,331.2,245.6,382.0,0.918,100011
94,229.1,354.3,275.8,427.8,0.915,100012
94,173.2,241.6,246.9,288.7,0.912,100013
94,468.6,372.0,520.5,446.9,0.926,100014
94,195.2,365.5,241.0,422.8,0.887,100015
94,185.5,225.3,256.3,254.2,0.821,100016
94,245.4,92.2,305.4,145.2,0.913,200017
94,569.4,7.4,630.8,67.6,0.943,200018
94,208.4,35.0,296.5,86.9,0.913,200020
94,155.4,0.1,236.7,56.9,0.936,200021
94,175.2,168.2,242.4,215.4,0.933,200022
94,576.6,123.1,634.2,185.2,0.935,200023
94,172.6,115.8,251.8,164.8,0.932,200024
94,238.6,144.5,285.6,215.6,0.928,200025
94,433.6,79.4,497.7,160.6,0.921,200026
94,436.0,2.8,513.9,57.3,0.944,200027
94,564.7,174.3,638.1,218.7,0.925,200028
94,172.6,66.1,225.7,126.2,0.92,200029
94,315.7,151.8,360.8,217.0,0.911,200030
94,499.5,175.1,566.5,220.6,0.913,200031
94,280.4,156.9,318.7,216.3,0.916,200032
94,374.9,0.0,424.4,59.9,0.936,200019
95,352.6,227.9,418.3,270.0,0.929,100001
95,400.0,246.6,454.3,317.1,0.935,100002
95,409.3,351.0,463.5,406.9,0.935,100003
95,249.4,239.7,313.2,301.8,0.935,100004
95,568.9,232.0,635.5,290.6,0.888,100005
95,266.6,365.4,329.8,431.1,0.928,100006
95,542.7,359.1,592.8,425.9,0.932,100007
95,490.8,219.7,551.4,269.8,0.905,100008
95,591.3,363.4,636.5,427.5,0.93,100009
95,189.8,289.2,259.1,335.6,0.928,100010
95,190.9,331.2,246.3,381.0,0.922,100011
95,230.9,353.8,276.5,426.4,0.91,100012
95,173.9,241.5,248.7,288.5,0.914,100013
95,469.0,371.5,521.7,446.8,0.918,100014
95,195.9,366.1,242.0,422.5,0.883,100015
95,186.5,225.4,258.0,254.2,0.818,100016
95,252.7,102.5,307.8,163.1,0.917,200017
95,570.3,7.3,631.9,67.6,0.944,200018
95,196.1,41.5,280.0,90.7,0.927,200020
95,157.4,0.1,236.5,52.9,0.932,200021
95,176.2,167.8,243.8,215.4,0.931,200022
95,577.7,123.0,634.3,187.5,0.934,200023
95,173.0,115.7,252.4,164.5,0.926,200024
95,240.2,147.2,285.4,216.0,0.918,200025
95,446.1,74.5,501.2,148.3,0.933,200026
95,437.5,2.7,514.6,57.1,0.939,200027
95,565.8,174.3,638.6,218.6,0.925,200028
95,173.4,70.9,226.6,125.0,0.917,200029
95,316.6,152.1,361.9,216.9,0.911,200030
95,500.6,174.9,567.9,222.1,0.913,200031
95,281.6,163.4,319.6,216.4,0.905,200032
95,374.8,0.0,426.2,58.9,0.935,200019
96,352.0,227.8,416.4,270.3,0.931,100001
96,395.5,244.4,457.2,307.8,0.923,100002
96,408.4,350.8,462.9,407.0,0.936,100003
96,248.6,238.7,312.2,301.3,0.934,100004
96,577.2,231.1,637.2,290.7,0.924,100005
96,264.7,365.3,327.6,431.4,0.93,100006
96,540.7,359.0,592.0,426.0,0.94,100007
96,486.0,219.8,545.9,268.1,0.912,100008
96,590.2,363.6,635.7,427.3,0.931,100009
96,189.1,288.6,258.6,335.8,0.929,100010
96,189.9,330.4,246.0,382.3,0.911,100011
96,229.1,354.1,275.4,428.0,0.915,100012
96,173.3,242.1,246.8,288.5,0.908,100013
96,468.0,371.3,520.7,442.4,0.933,100014
96,195.0,365.4,240.9,423.0,0.887,100015
96,185.1,224.1,260.6,254.5,0.794,100016
96,263.2,105.4,311.0,171.5,0.929,200017
96,569.5,7.1,630.8,67.5,0.943,200018
96,173.4,34.6,264.5,85.8,0.893,200020
96,157.1,0.0,234.1,46.9,0.914,200021
96,175.5,167.8,242.5,215.6,0.929,200022
96,577.0,123.0,633.1,187.3,0.934,200023
96,171.7,115.3,252.4,164.9,0.932,200024
96,238.7,147.2,282.8,215.7,0.92,200025
96,453.7,65.3,501.7,146.9,0.903,200026
96,436.6,2.7,513.9,57.0,0.938,200027
96,563.4,174.4,638.4,218.5,0.927,200028
96,172.5,71.0,226.1,125.3,0.914,200029
96,315.3,152.3,360.7,217.1,0.915,200030
96,499.7,175.4,562.9,222.1,0.911,200031
96,280.1,166.8,318.9,216.2,0.911,200032
96,373.8,0.4,424.4,60.4,0.934,200019
97,352.0,227.8,416.4,270.3,0.931,100001
97,395.5,244.4,457.2,307.8,0.923,100002
97,408.4,350.8,462.9,407.0,0.936,100003
97,248.6,238.8,312.2,301.3,0.934,100004
97,577.2,231.1,637.2,290.7,0.924,100005
97,264.7,365.3,327.6,431.4,0.93,100006
97,540.7,359.0,592.0,426.0,0.94,100007
97,486.0,219.8,545.9,268.1,0.912,100008
97,590.2,363.6,635.7,427.3,0.931,100009
97,189.1,288.6,258.6,335.8,0.929,100010
97,189.9,330.4,246.0,382.3,0.911,100011
97,229.1,354.1,275.4,428.0,0.915,100012
97,173.3,242.1,246.8,288.5,0.908,100013
97,468.0,371.3,520.7,442.4,0.933,100014
97,195.0,365.4,240.9,423.0,0.887,100015
97,185.1,224.1,260.6,254.5,0.793,100016
97,263.2,105.4,311.0,171.5,0.929,200017
97,569.5,7.1,630.8,67.5,0.943,200018
97,173.4,34.6,264.6,85.8,0.893,200020
97,157.1,0.0,234.1,46.9,0.914,200021
97,175.5,167.8,242.5,215.6,0.929,200022
97,577.0,123.0,633.1,187.3,0.934,200023
97,171.7,115.3,252.4,164.9,0.932,200024
97,238.7,147.2,282.8,215.7,0.92,200025
97,453.7,65.3,501.7,146.9,0.903,200026
97,436.6,2.7,513.9,57.0,0.938,200027
97,563.4,174.4,638.4,218.5,0.927,200028
97,172.5,71.0,226.1,125.3,0.914,200029
97,315.3,152.3,360.7,217.1,0.915,200030
97,499.7,175.4,562.9,222.1,0.911,200031
97,280.1,166.8,318.9,216.2,0.911,200032
97,373.8,0.4,424.4,60.4,0.934,200019
98,350.1,227.9,417.1,270.6,0.931,100001
98,396.6,244.6,462.7,303.7,0.928,100002
98,409.9,350.7,463.5,407.1,0.936,100003
98,249.1,239.4,313.1,301.3,0.931,100004
98,570.2,230.1,634.8,285.0,0.934,100005
98,265.0,365.4,328.6,431.2,0.929,100006
98,541.8,359.0,592.4,426.3,0.934,100007
98,485.3,219.3,545.7,268.2,0.904,100008
98,590.7,364.1,636.8,427.8,0.93,100009
98,189.4,288.8,259.0,335.6,0.928,100010
98,190.5,331.0,246.5,382.3,0.915,100011
98,229.8,354.2,276.3,427.1,0.911,100012
98,173.2,242.4,247.9,288.5,0.901,100013
98,468.7,371.2,521.6,438.1,0.932,100014
98,195.6,365.7,241.9,420.5,0.877,100015
98,185.8,224.1,259.6,254.2,0.854,100016
98,265.4,107.5,307.8,168.9,0.919,200017
98,570.4,7.1,631.3,67.6,0.947,200018
98,165.2,29.6,260.8,82.4,0.905,200020
98,157.5,0.2,234.8,42.6,0.888,200021
98,175.6,167.9,241.8,215.4,0.933,200022
98,577.6,123.1,634.3,187.4,0.935,200023
98,172.7,115.6,253.7,165.0,0.932,200024
98,239.3,145.4,284.8,215.7,0.925,200025
98,471.7,54.2,523.0,134.9,0.925,200026
98,436.7,2.7,514.5,56.8,0.939,200027
98,564.2,174.2,638.6,218.2,0.924,200028
98,172.9,70.8,226.4,127.3,0.905,200029
98,316.1,152.1,361.6,216.9,0.917,200030
98,500.5,175.3,564.7,221.2,0.914,200031
98,281.3,164.6,319.5,216.1,0.916,200032
98,373.7,1.9,426.2,60.5,0.933,200019
99,350.1,227.9,417.1,270.5,0.931,100001
99,396.6,244.6,462.7,303.7,0.928,100002
99,409.8,350.7,463.5,407.1,0.936,100003
99,249.1,239.4,313.1,301.3,0.931,100004
99,570.2,230.1,634.8,285.0,0.934,100005
99,265.0,365.4,328.6,431.2,0.929,100006
99,541.8,359.1,592.4,426.4,0.934,100007
99,485.3,219.5,545.7,268.3,0.904,100008
99,590.7,364.1,636.8,427.7,0.93,100009
99,189.4,288.8,259.0,335.6,0.928,100010
99,190.5,330.9,246.5,382.3,0.915,100011
99,229.9,354.2,276.2,427.0,0.91,100012
99,173.4,242.3,247.9,288.5,0.901,100013
99,468.7,371.2,521.6,438.1,0.932,100014
99,195.6,365.7,242.0,419.7,0.877,100015
99,185.8,224.4,259.7,254.2,0.856,100016
99,265.4,107.5,307.8,168.9,0.918,200017
99,570.4,7.1,631.3,67.6,0.946,200018
99,165.2,29.7,260.8,82.3,0.904,200020
99,157.5,0.3,234.8,42.2,0.88,200021
99,175.6,167.9,241.8,215.4,0.933,200022
99,577.6,123.1,634.3,187.4,0.935,200023
99,172.7,115.6,253.6,165.0,0.932,200024
99,239.3,145.4,284.8,215.7,0.925,200025
99,471.7,54.1,523.1,134.9,0.926,200026
99,436.7,2.7,514.5,56.8,0.939,200027
99,564.3,174.2,638.5,218.2,0.923,200028
99,172.9,70.8,226.4,126.8,0.908,200029
99,316.1,152.1,361.5,216.9,0.917,200030
99,500.5,175.3,564.7,221.3,0.911,200031
99,281.3,164.6,319.4,216.1,0.916,200032
99,373.7,1.9,426.2,60.5,0.933,200019
